id,name,email,city,street,number,zipcode
1,Trudoo-1,wrushmare0@geocities.com,Xincun,88854 Marquette Park,27239,1
2,Skyble-2,ahammerich1@mozilla.com,Krasnaye,6 Weeping Birch Junction,31,2
3,Riffpath-3,fmeasom2@miitbeian.gov.cn,Malekān,523 Reinke Junction,23,3
4,Centidel-4,smullard3@youku.com,Glubokiy,2 Carey Junction,0,4
5,Tagtune-5,mpotte4@mtv.com,Duvergé,5797 Fairview Hill,875,5
6,Shuffletag-6,dbaddiley5@amazon.com,Kelburn,62 Hayes Court,96,6
7,Jetpulse-7,kscreas6@123-reg.co.uk,Taivalkoski,0 Grover Point,814,7
8,Zooxo-8,iwakelin7@engadget.com,Washington,3889 Utah Pass,0,8
9,Lajo-9,ckilby8@blogtalkradio.com,Zboriv,107 Eliot Plaza,1,9
10,Jabberstorm-10,bbuckell9@nyu.edu,Chengxi,89 Tennessee Road,0,10
11,Edgewire-11,hbonea@gravatar.com,São João,24 Garrison Alley,47015,11
12,Janyx-12,mmcellenb@google.es,Vlycháda,6 Northridge Park,94534,12
13,Photofeed-13,roxbrowc@disqus.com,Sé,6 Hoepker Way,509,13
14,Jazzy-14,npardyd@163.com,Kangar,2037 Brentwood Terrace,12696,14
15,Topdrive-15,aachurche@hugedomains.com,Toledo,93 Vera Drive,34,15
16,Quinu-16,counsworthf@latimes.com,Iperu,22642 Schurz Way,635,16
17,Feedspan-17,jstanlockg@dedecms.com,Kakamas,21956 Grasskamp Park,9,17
18,Skajo-18,kpauerh@hostgator.com,Sainte-Martine,3001 Vernon Drive,73109,18
19,Devcast-19,bcoarseri@domainmarket.com,Itamarandiba,07479 Meadow Valley Way,40430,19
20,Twitterworks-20,bmannaghj@foxnews.com,Digos,098 Di Loreto Court,0,20
21,Browseblab-21,pbeynknk@bigcartel.com,Chetian,83 Mayer Avenue,015,21
22,Feedmix-22,lglennyl@amazon.co.uk,Mae Charim,2184 Clarendon Road,58504,22
23,Ooba-23,kcolingm@cnn.com,Tabia,559 Crowley Alley,06265,23
24,Wikizz-24,mnornaselln@mozilla.org,Changuinola,01 Oriole Drive,117,24
25,Livetube-25,nhazeldeneo@narod.ru,Raydah,56279 Florence Park,28,25
26,Jaxspan-26,aruddp@tinypic.com,Shidu,37332 Arkansas Place,07,26
27,Youopia-27,onoyceq@fc2.com,Pengbu,7186 Fair Oaks Trail,10733,27
28,Skyble-28,smonikerr@google.com.au,Emiliano Zapata,8 Basil Plaza,7772,28
29,Bluejam-29,mrainards@shop-pro.jp,Garhi Yāsīn,61 Fallview Avenue,8,29
30,Skinder-30,obroomhallt@imdb.com,Sridadi,41947 Cardinal Circle,58,30
31,Twitterbridge-31,prosenbushu@mashable.com,Meicheng,5 Maple Place,36747,31
32,Quire-32,alynockv@flavors.me,Boulder,93051 Iowa Place,781,32
33,Brainbox-33,rdunkw@cbslocal.com,Lanyi,12 Summerview Place,36989,33
34,Jaxspan-34,cscurryx@t-online.de,Banja Luka,148 Fremont Circle,3243,34
35,Geba-35,ccecchiy@alexa.com,Parung,9671 Stone Corner Parkway,5,35
36,Trunyx-36,nlitelz@npr.org,Esperanza,75 Hudson Drive,0,36
37,Zoozzy-37,lturvie10@csmonitor.com,Dziewin,27 Nancy Parkway,6,37
38,Topicstorm-38,cstorms11@wordpress.org,Kortkeros,4 Talisman Hill,3,38
39,Ainyx-39,eloudian12@posterous.com,Nuku‘alofa,5 Starling Alley,3,39
40,Tazzy-40,mrowdell13@yolasite.com,Kimhae,0 Mariners Cove Center,6910,40
41,Zoomlounge-41,sbarbery14@wunderground.com,Topeka,7515 Clove Place,114,41
42,Trunyx-42,emitten15@wisc.edu,Limulunga,932 Briar Crest Drive,89940,42
43,Tagtune-43,awabersich16@chron.com,Hōfu,669 Eggendart Street,765,43
44,Layo-44,hhambling17@youtube.com,Erie,48 Vera Circle,50,44
45,Shufflebeat-45,eclawe18@wisc.edu,Shenji,8524 Hollow Ridge Street,012,45
46,Yodel-46,nwhyman19@sfgate.com,Svetlyy,69705 Mccormick Court,4846,46
47,Voomm-47,pcastanyer1a@tinypic.com,Bile,13 Northland Point,46876,47
48,Tagchat-48,olangstrath1b@weebly.com,Passo,24772 Utah Lane,7,48
49,Skyvu-49,bmeneer1c@home.pl,Spiczyn,19 Caliangt Alley,487,49
50,Snaptags-50,plittleproud1d@smh.com.au,Balut,5410 Eggendart Hill,5,50
51,Bubblebox-51,jalbinson1e@apache.org,London,21 Dayton Park,22939,51
52,Edgeclub-52,clinguard1f@ucoz.com,Zblewo,7013 Mifflin Place,82177,52
53,Latz-53,mdaville1g@technorati.com,Taivalkoski,799 Westerfield Crossing,817,53
54,Skyba-54,dcarus1h@time.com,Calhetas,376 Barby Trail,6489,54
55,Yambee-55,blantoph1i@boston.com,Mbumi,1447 Dixon Street,2771,55
56,Oba-56,tfaragher1j@house.gov,Xinjian,0 Warbler Center,21132,56
57,Jetpulse-57,wtheobalds1k@spotify.com,Kuala Lumpur,437 Center Road,66423,57
58,Meembee-58,dhuxton1l@economist.com,Farasān,014 Corry Circle,2702,58
59,Gabtune-59,rgregr1m@purevolume.com,Xichangmen,74 Northview Alley,25,59
60,Meeveo-60,chearson1n@mediafire.com,Ndano,54 Arizona Avenue,87473,60
61,Skimia-61,fhamlet1o@nhs.uk,Yangdu,1 South Parkway,8983,61
62,Rhyzio-62,nfullard1p@about.com,Licun,2907 Oakridge Junction,92,62
63,Leenti-63,jcoslitt1q@ed.gov,Hetang,669 Haas Center,53,63
64,Trupe-64,smulvihill1r@1688.com,Mainit,39 Village Street,64017,64
65,Mydo-65,mabisetti1s@blogspot.com,Tampa,748 International Junction,30,65
66,Vitz-66,gpulster1t@mysql.com,Meijiang,01708 Forest Run Alley,89,66
67,Browsecat-67,ffynan1u@msn.com,Fuming,40949 Garrison Terrace,2,67
68,Skajo-68,cklimowicz1v@sfgate.com,Jingouhe,3 Crownhardt Avenue,8925,68
69,Kwinu-69,eosborne1w@twitpic.com,Humpolec,692 Bunting Pass,49,69
70,Yata-70,ggurr1x@nps.gov,Limassol,08381 Steensland Drive,34,70
71,Trilia-71,mchestnut1y@aol.com,Areia Branca,692 Kennedy Plaza,74,71
72,Gigashots-72,hchristescu1z@ucsd.edu,Zagórze,232 Hoard Hill,863,72
73,Myworks-73,hbatchellor20@yahoo.co.jp,Baiyin,1 Veith Junction,9,73
74,Zava-74,fredmore21@webeden.co.uk,Nantes,92643 Bayside Pass,135,74
75,Quatz-75,dschulze22@istockphoto.com,Veselí nad Lužnicí,833 Oakridge Alley,3846,75
76,Riffwire-76,gavory23@businessinsider.com,Uddevalla,2 Spaight Terrace,14,76
77,Thoughtmix-77,tmangon24@ed.gov,Usicayos,49 Porter Street,9994,77
78,Linktype-78,hgreeve25@arstechnica.com,Miandrarivo,39 Maryland Street,4883,78
79,Skimia-79,kwanklyn26@people.com.cn,Frankfurt am Main,71941 Mosinee Pass,5,79
80,Npath-80,kdate27@virginia.edu,Gujō,3187 Continental Junction,28977,80
81,Topicshots-81,cnoddles28@elpais.com,Tall Rif‘at,2132 Trailsway Junction,0929,81
82,Dynava-82,erubinsztein29@earthlink.net,Kanal,08 Riverside Court,715,82
83,Livetube-83,bbottleson2a@ibm.com,Liaodian,80285 Ilene Crossing,2958,83
84,Skidoo-84,cgave2b@zdnet.com,Boluo,46358 Stone Corner Way,01756,84
85,Blogtag-85,rbollard2c@techcrunch.com,Sembung,587 Fisk Road,211,85
86,Yotz-86,mkennerley2d@paginegialle.it,Meneou,0197 Fallview Circle,5,86
87,Wikibox-87,mrumble2e@shop-pro.jp,Gaofeng,5 Transport Parkway,2,87
88,Babbleset-88,bkarpe2f@china.com.cn,Santol,34 Stephen Circle,2,88
89,Gabvine-89,gkenwyn2g@macromedia.com,Aubagne,06 Northridge Lane,28455,89
90,Ozu-90,jfairbrass2h@networkadvertising.org,Pehuajó,5 Golf View Court,12543,90
91,Voonyx-91,aforo2i@nps.gov,Nisí,9745 Linden Avenue,97575,91
92,Zooveo-92,tjuares2j@ox.ac.uk,Monte da Boavista,90 Fordem Trail,4400,92
93,Zoomzone-93,mgirodias2k@pcworld.com,Darfield,208 Almo Place,78957,93
94,Twitterworks-94,cfoley2l@amazon.co.uk,Xaçmaz,6 Hallows Junction,17460,94
95,Meeveo-95,kreaman2m@twitter.com,Yuncheng,5 Twin Pines Park,88,95
96,Quamba-96,bmedd2n@ebay.co.uk,Ōme,9417 Lighthouse Bay Center,51917,96
97,Oodoo-97,trawsthorne2o@goodreads.com,Khu Khan,80234 Mosinee Terrace,1,97
98,Quatz-98,knewsham2p@nature.com,Cizhu,51 Graedel Point,466,98
99,Twimm-99,bwoodroofe2q@t-online.de,Hegarmanah,79 Oriole Court,17050,99
100,Jetpulse-100,vkemster2r@godaddy.com,Barreiros,4 Manley Parkway,210,100
101,Fivechat-101,cparzis2s@amazonaws.com,Atalhada,73 Sundown Trail,92279,101
102,Janyx-102,mjacobsen2t@reference.com,Žirovnice,386 Leroy Way,41674,102
103,Tagpad-103,fwarcop2u@ucoz.com,Municipio de Copacabana,58446 Sutherland Pass,92265,103
104,Dabshots-104,alaister2v@theatlantic.com,Mehtar Lām,81 Merchant Place,5,104
105,Riffpedia-105,ephilson2w@wikia.com,Gengcheng,24 Westport Hill,76575,105
106,Bubbletube-106,feasum2x@addthis.com,Buikwe,753 Surrey Alley,4,106
107,Yodoo-107,ehayth2y@goo.ne.jp,San Martín,765 Pennsylvania Parkway,2,107
108,Gigazoom-108,fpigdon2z@nsw.gov.au,Araçoiaba da Serra,2 Stuart Street,2,108
109,InnoZ-109,esimioni30@furl.net,Roldanillo,18285 Eagan Court,40945,109
110,Twitterwire-110,ezipsell31@msn.com,El Matama,6380 Cordelia Way,25,110
111,Divanoodle-111,fbriggdale32@upenn.edu,Borås,49 Derek Center,67,111
112,Linktype-112,kdubbin33@engadget.com,Puente Alto,5 Southridge Avenue,44956,112
113,Lazz-113,rpenwright34@paypal.com,Santa Fe,4 Vidon Point,862,113
114,Vinte-114,jwynett35@quantcast.com,Quintã,5 Granby Parkway,42,114
115,Zoombox-115,cespasa36@bloglovin.com,Cascais,62979 Valley Edge Street,6,115
116,Wordware-116,xpryell37@naver.com,Guangping,609 Iowa Crossing,95,116
117,Flashset-117,atracy38@bloglovin.com,Bohicon,48 Erie Plaza,5821,117
118,Browsetype-118,cmoody39@behance.net,Vom,3 Gateway Way,733,118
119,Feedmix-119,ajunkison3a@live.com,Tanakawu Dua,2 Tony Alley,4530,119
120,Rhyzio-120,pshivell3b@imgur.com,Batuan,18 Westerfield Hill,639,120
121,Feedspan-121,rmacsherry3c@columbia.edu,Santa Cruz Muluá,3 Coolidge Avenue,834,121
122,Yoveo-122,gjuleff3d@goodreads.com,San Juan,3298 Monument Plaza,959,122
123,Oyoba-123,bjoddins3e@ihg.com,Kerek,58304 Eastlawn Street,45076,123
124,InnoZ-124,yboame3f@amazon.com,Oromocto,65 Vera Circle,19699,124
125,Riffpedia-125,cnorthley3g@devhub.com,Huaibei,960 Sunfield Pass,3,125
126,Twitterwire-126,iwherry3h@istockphoto.com,Luruaco,07277 Rowland Trail,9870,126
127,Topicstorm-127,mhalton3i@mtv.com,Feilaixia,58974 Raven Place,0,127
128,Gigashots-128,scutsforth3j@statcounter.com,Vigan,21470 Rutledge Pass,9,128
129,Gabcube-129,tdrynan3k@naver.com,Changshan,874 Oak Valley Road,271,129
130,Kwilith-130,mbraunlein3l@devhub.com,Nakatsu,3 Heffernan Lane,807,130
131,Oozz-131,ajimmes3m@ucla.edu,Jianling,9 Raven Road,92,131
132,Muxo-132,lcail3n@creativecommons.org,New York City,49 Dunning Street,5849,132
133,Geba-133,akepp3o@bizjournals.com,Gavião,3094 Summerview Trail,15,133
134,Meeveo-134,pstandbrook3p@vistaprint.com,Feira de Santana,74 Bellgrove Point,97,134
135,Meejo-135,grobbert3q@illinois.edu,Cácota,4 Sunbrook Way,0,135
136,Gabcube-136,nmcconnal3r@360.cn,Oguta,7096 Lotheville Avenue,92,136
137,Kanoodle-137,ctomsu3s@a8.net,Beilun,0 Dovetail Park,28,137
138,Avamm-138,echanning3t@merriam-webster.com,Karangbadar Kidul,91 Oxford Trail,07326,138
139,Centidel-139,mstation3u@slideshare.net,Piekielnik,323 Northfield Crossing,8,139
140,Dynabox-140,kgodding3v@un.org,Annacotty,24 Harper Way,28,140
141,Youopia-141,cwoodroff3w@opensource.org,Padasuka,4467 Fisk Court,7,141
142,Feedmix-142,eliggens3x@ycombinator.com,Nassarawa,96641 Namekagon Place,16987,142
143,Devcast-143,ayemm3y@seattletimes.com,Gampang,62 Northridge Terrace,2820,143
144,Voolia-144,cfairbanks3z@jimdo.com,Vardablur,8319 Fair Oaks Street,01,144
145,Devcast-145,mbelf40@reverbnation.com,Carepa,897 Commercial Hill,95,145
146,Oozz-146,rblondell41@tuttocitta.it,Daykitin,039 Dwight Trail,53962,146
147,Fivebridge-147,slindsey42@skype.com,Ersekë,8263 Lakewood Gardens Alley,7990,147
148,Wordpedia-148,jpeteri43@mapy.cz,Chilmāri,150 Butterfield Point,7693,148
149,Trilith-149,jchansonnau44@mashable.com,Naples,8 Fordem Trail,301,149
150,Dynabox-150,iovendon45@oracle.com,Cawayan Bugtong,03488 Melvin Drive,6,150
151,Zoomdog-151,rdougan46@dmoz.org,Kelodan,82865 Anthes Plaza,8231,151
152,Skyndu-152,cparis47@wiley.com,Karolino-Buhaz,90965 Red Cloud Avenue,84711,152
153,Roomm-153,gbaudet48@dailymail.co.uk,Maracanaú,13 Sloan Crossing,9,153
154,Flipbug-154,tjansa49@buzzfeed.com,Yunguyo,272 Del Mar Way,48,154
155,Photolist-155,brock4a@indiegogo.com,Drobin,47 Harbort Park,216,155
156,Avaveo-156,ndutt4b@youtu.be,Granja,7 Shelley Point,8785,156
157,Skipfire-157,mmabey4c@bluehost.com,Huangjiabu,5 Amoth Street,457,157
158,Meezzy-158,rspennock4d@amazon.de,Novoselë,26 Buhler Road,891,158
159,Yabox-159,itennison4e@google.com.au,Longford,31 Tennyson Way,3,159
160,Livetube-160,hputton4f@time.com,Shangbahe,36 Hanover Alley,6,160
161,Edgetag-161,cbeddard4g@mit.edu,Fort Wayne,9 Sullivan Terrace,55,161
162,Linkbuzz-162,gsterland4h@goo.ne.jp,Elato,6 Sycamore Point,80766,162
163,Npath-163,gbowerman4i@senate.gov,Jiling,601 Sutherland Junction,95799,163
164,Mymm-164,iwillard4j@ted.com,Jindou,0633 Buell Street,23,164
165,Lazz-165,cacory4k@google.co.jp,Mintang,577 Stoughton Circle,6,165
166,Quatz-166,bace4l@devhub.com,Quinuabamba,9022 Aberg Point,8116,166
167,Jaxspan-167,dfreeland4m@canalblog.com,Mikstat,26587 Alpine Pass,1747,167
168,Vipe-168,dscase4n@newyorker.com,Hartswater,8589 Nevada Center,75,168
169,Youtags-169,bpeaden4o@ucla.edu,Qorao’zak,79 Summit Trail,5,169
170,Teklist-170,rgosz4p@lulu.com,Dongfeng,6 Boyd Parkway,8,170
171,Zoovu-171,dlockart4q@desdev.cn,Qaţanah,139 Arizona Park,9,171
172,Vitz-172,gguierre4r@google.co.jp,Dahu Satu,63128 Moland Circle,6,172
173,Trilia-173,hleprovost4s@examiner.com,Palhoça,05 American Ash Road,950,173
174,Cogibox-174,bmccrillis4t@mediafire.com,Kvänum,7391 Eggendart Terrace,49,174
175,Jaloo-175,lranger4u@mapquest.com,Labin,601 Warbler Center,6,175
176,Bluejam-176,anowick4v@usgs.gov,Puračić,4 Sloan Avenue,90864,176
177,Youopia-177,wstorrie4w@scribd.com,Haljala,1 Shelley Junction,1141,177
178,Skajo-178,bcocking4x@ezinearticles.com,San Antonio,5458 Sherman Street,22669,178
179,Jaxnation-179,chavis4y@furl.net,Fengxian,802 Village Green Street,939,179
180,Twitternation-180,aerett4z@ifeng.com,Mólos,4745 Stone Corner Drive,704,180
181,Skivee-181,rnoulton50@livejournal.com,Mekarsari,10 Myrtle Park,16,181
182,Yakitri-182,widwalevans51@wikipedia.org,Curridabat,3116 Clove Parkway,23047,182
183,Kwideo-183,craubheim52@cpanel.net,Vagos,72 School Circle,16958,183
184,Feedfire-184,cbonnett53@businessweek.com,Kajar,02 Schurz Parkway,180,184
185,Fiveclub-185,ariddick54@si.edu,Kebonsari Kidul,1962 Hudson Avenue,12326,185
186,JumpXS-186,ddamp55@imdb.com,Kalmar,4 Roxbury Trail,027,186
187,Mymm-187,alidgertwood56@over-blog.com,Palmeiros,33975 Old Gate Alley,7885,187
188,Riffpedia-188,tmarlow57@sphinn.com,Banjar Sambangan,4451 Tennessee Hill,96,188
189,Zoomcast-189,sradbourn58@patch.com,Lębork,6468 Kim Place,11026,189
190,Babblestorm-190,cstoffers59@wikia.com,Shibata,898 Manitowish Street,276,190
191,InnoZ-191,ebrussell5a@seesaa.net,Shangtianba,30318 Canary Park,4465,191
192,Twimbo-192,nbellon5b@cam.ac.uk,Taimaman,7540 Eastwood Alley,5845,192
193,Photobug-193,jlowdyane5c@sakura.ne.jp,La Paz,4699 Brown Park,18,193
194,Flipbug-194,belderbrant5d@goo.ne.jp,Kiambu,57954 Scott Place,538,194
195,Yakitri-195,sbuckley5e@taobao.com,Mobile,5 Roxbury Way,3,195
196,Youtags-196,nbradbrook5f@cnet.com,Heishan,717 Bay Parkway,0708,196
197,Photobean-197,pmeuse5g@simplemachines.org,Los Angeles,91 5th Junction,95559,197
198,Kwinu-198,eepsley5h@smh.com.au,El Bálsamo,6 Mallory Place,051,198
199,Lajo-199,tgoddard5i@domainmarket.com,Santa Fe de la Vera Cruz,1 Trailsway Alley,2371,199
200,Oloo-200,npockett5j@wp.com,Phitsanulok,7 Myrtle Circle,7391,200
201,Chatterbridge-201,zarmfirld5k@cloudflare.com,Velas,32376 Forest Run Junction,9,201
202,Blogspan-202,mlampen5l@vk.com,Thul,59 Cherokee Terrace,2919,202
203,Rhyzio-203,csouth5m@bravesites.com,Zebrzydowice,24 Sherman Avenue,35,203
204,Shuffledrive-204,mchellam5n@eepurl.com,Jasienica,56813 Scoville Hill,59,204
205,Kayveo-205,bkerton5o@blog.com,Koba,1135 Pleasure Lane,2,205
206,Feedmix-206,tdottridge5p@hatena.ne.jp,Jagiełła,94 Del Sol Pass,151,206
207,Edgeclub-207,jhellmore5q@bbb.org,Jongīyeh,17 Helena Crossing,49815,207
208,Fiveclub-208,gmaxstead5r@blogtalkradio.com,Załuski,690 Farmco Crossing,111,208
209,Topicblab-209,ggibben5s@nytimes.com,Thị Trấn Yên Châu,44 Waubesa Way,24033,209
210,Linktype-210,cwurz5t@virginia.edu,Besukrejo,89 3rd Trail,693,210
211,Yodel-211,fcoxall5u@craigslist.org,Hanfeng,831 Rockefeller Park,93,211
212,Realmix-212,omacdonnell5v@java.com,Nangtang,1 Jenna Avenue,9340,212
213,Gigazoom-213,pgorick5w@ifeng.com,Nikol’sk,4712 Stone Corner Crossing,9325,213
214,Edgetag-214,wgeeson5x@wufoo.com,Kulutan,33 Bluejay Road,36,214
215,Rhycero-215,pciotti5y@sakura.ne.jp,Kvasiny,71 Briar Crest Hill,2,215
216,Realcube-216,vlamping5z@angelfire.com,Valenciennes,5995 Annamark Crossing,066,216
217,Vinte-217,gmorter60@booking.com,Legok,99 Randy Lane,5674,217
218,Blogspan-218,gfranceschelli61@stanford.edu,Staffanstorp,784 Towne Junction,46,218
219,Topdrive-219,jpiercy62@taobao.com,Shilibu,164 Acker Drive,6827,219
220,Zoomcast-220,gbrookz63@mapquest.com,Putre,711 Sauthoff Alley,16,220
221,Aimbo-221,achillingsworth64@last.fm,Hato Mayor del Rey,05867 Parkside Lane,59906,221
222,Realmix-222,gclementel65@ed.gov,Lakinsk,1289 Delladonna Park,92,222
223,Roodel-223,cdoram66@boston.com,Wangjiahe,807 Toban Hill,125,223
224,Feedspan-224,cdeclerc67@upenn.edu,Trới,0492 Harbort Street,800,224
225,Thoughtbeat-225,arobshaw68@slate.com,Höshööt,31009 Katie Hill,1,225
226,Meedoo-226,ddutnell69@netlog.com,Houston,36936 Arizona Road,97,226
227,Voolia-227,szincke6a@mediafire.com,Alor Setar,20 Hooker Point,9179,227
228,Fadeo-228,bdreigher6b@comcast.net,Colón,87625 Fremont Parkway,0324,228
229,Jayo-229,cashpole6c@jigsy.com,Ananindeua,991 Declaration Parkway,26801,229
230,Jayo-230,lcourvert6d@europa.eu,Canchaque,9078 Oneill Pass,5031,230
231,Shufflebeat-231,gsnibson6e@weibo.com,Xihe,6697 Fulton Parkway,84,231
232,Jabbersphere-232,tchiplin6f@de.vu,Busalangga,2669 Del Mar Trail,890,232
233,Minyx-233,sdower6g@msu.edu,Yambol,64 Debs Terrace,1829,233
234,Zoomzone-234,bawde6h@nba.com,Rakai,73993 Di Loreto Point,1,234
235,Ailane-235,tgard6i@usgs.gov,Taunan,4751 Prairie Rose Circle,02,235
236,Fanoodle-236,mkenwood6j@163.com,Míthymna,34 Springs Pass,1,236
237,Realpoint-237,mhapps6k@is.gd,Monte Patria,57940 Maple Parkway,16132,237
238,Zazio-238,btatershall6l@answers.com,Qujiang,1822 Meadow Vale Court,49121,238
239,Zoombeat-239,sewence6m@wikia.com,Pelem,6384 Oneill Place,22225,239
240,Nlounge-240,hrizzotto6n@amazon.co.uk,Xiangshui,53027 Dennis Way,88017,240
241,Voonix-241,cpearch6o@bigcartel.com,Hupalivka,96 Dennis Place,7,241
242,Skivee-242,dgarvagh6p@ehow.com,Solina,56893 Cottonwood Street,2,242
243,Tagpad-243,tmaccarter6q@huffingtonpost.com,Manchioneal,027 8th Hill,0252,243
244,Janyx-244,mbrabham6r@bloglovin.com,Qiulu,4187 Reindahl Terrace,6430,244
245,Muxo-245,vroxbrough6s@people.com.cn,Pariti,136 Dixon Way,15,245
246,Yoveo-246,mnevill6t@europa.eu,Tân Châu,96 Division Hill,99,246
247,Izio-247,rwhatmough6u@phoca.cz,Luopioinen,42 Fieldstone Park,783,247
248,Youspan-248,astonefewings6v@behance.net,Vári,28883 Sutteridge Lane,03780,248
249,Youopia-249,gcauldfield6w@tuttocitta.it,Jazovo,62934 Mifflin Avenue,5888,249
250,Browsecat-250,nhasard6x@cpanel.net,Illapel,5 Jay Terrace,050,250
251,Realblab-251,stilsley6y@eepurl.com,Rusip,032 Fordem Crossing,64,251
252,Feedbug-252,glartice6z@unc.edu,Inta,5 Schmedeman Park,67849,252
253,Devcast-253,smckennan70@jiathis.com,Koten,97351 Homewood Circle,6689,253
254,Meevee-254,bantosch71@studiopress.com,Mishan,146 Johnson Alley,726,254
255,Quamba-255,ringle72@sphinn.com,El Corpus,753 Raven Avenue,69,255
256,Jaloo-256,dfaley73@mapy.cz,Milanówek,6960 Tennyson Parkway,5,256
257,Agivu-257,cillsley74@arizona.edu,Mombok,82248 Katie Park,7,257
258,Meembee-258,abiggam75@tripadvisor.com,Ulluaya,0 Granby Pass,9,258
259,Kamba-259,rthurlborn76@aboutads.info,Guhua,651 Sage Place,6,259
260,Yabox-260,okennedy77@dmoz.org,Jiangkou,818 Hanson Road,17822,260
261,Blogtag-261,tthurstan78@cisco.com,Kokshetau,8960 Johnson Terrace,10162,261
262,Kazio-262,pbourgour79@tmall.com,Cedar Rapids,40759 Scott Avenue,7,262
263,Yambee-263,mbendan7a@netvibes.com,Malabang,7 Dorton Terrace,4930,263
264,Pixoboo-264,rforre7b@blogs.com,Agía Triáda,515 Sundown Junction,1,264
265,Vinder-265,rjeggo7c@businessinsider.com,Giồng Trôm,55269 Colorado Road,1154,265
266,Tambee-266,csabin7d@booking.com,Bagulin,032 Troy Point,8581,266
267,BlogXS-267,tturnbull7e@aboutads.info,Rosario del Ingre,38 Shelley Point,311,267
268,Linkbridge-268,cmurrock7f@answers.com,Sukahening,6867 Eagan Avenue,31,268
269,BlogXS-269,aperello7g@ning.com,Rzewnie,35180 Randy Parkway,05933,269
270,Tambee-270,mgopsill7h@theglobeandmail.com,Calinaoan Malasin,1203 Valley Edge Alley,951,270
271,Jabbercube-271,cyukhtin7i@myspace.com,Winton,8473 Thompson Hill,76662,271
272,Flashspan-272,lmattia7j@google.com,San Fernando,8746 Delladonna Park,2,272
273,Gabcube-273,mgepson7k@state.tx.us,Suicheng,5 Tomscot Street,040,273
274,Jaxspan-274,sblemen7l@stumbleupon.com,Bugarama,23159 Almo Hill,24434,274
275,Edgewire-275,mschruyers7m@ocn.ne.jp,Kastsyukowka,14 Maryland Parkway,60757,275
276,Skipstorm-276,jabsalom7n@nasa.gov,Yutan,73 Magdeline Place,3654,276
277,Aivee-277,jleclaire7o@tinyurl.com,Taraju,21 Lyons Circle,2401,277
278,Flipopia-278,rhadingham7p@biblegateway.com,Sloboda,20 Basil Point,9,278
279,Yambee-279,rpascow7q@wordpress.com,Mojo,5160 Elmside Alley,331,279
280,Meezzy-280,ebreton7r@seattletimes.com,Tukhlya,5128 Rutledge Court,631,280
281,Voonder-281,mpimlott7s@alexa.com,Carleton-sur-Mer,118 Glacier Hill Hill,7,281
282,Meejo-282,emctrusty7t@i2i.jp,Sandnes,082 Twin Pines Hill,88,282
283,Trilia-283,stallow7u@moonfruit.com,Nam Đàn,01992 Division Terrace,46914,283
284,Fivebridge-284,ckimmons7v@npr.org,Moussoro,4774 Donald Lane,529,284
285,Realcube-285,wmanville7w@barnesandnoble.com,Bazar-Korgon,03251 Sunbrook Center,9,285
286,Riffpath-286,gsmetoun7x@ibm.com,Sarany,70 Merry Park,032,286
287,Tazzy-287,nmatantsev7y@time.com,Ubajami,501 Blaine Pass,99,287
288,Flipbug-288,bfox7z@arstechnica.com,Shiyuetian,09114 Cottonwood Hill,65,288
289,Linktype-289,dgierke80@pagesperso-orange.fr,Ihosy,1 Del Mar Junction,67,289
290,Midel-290,pmerrgen81@paginegialle.it,Pirava,3500 Shasta Alley,90,290
291,Realbuzz-291,iritson82@cpanel.net,San Jose,81272 Southridge Trail,415,291
292,Oyoloo-292,hgolledge83@bloglovin.com,Barra de São Francisco,1 Truax Junction,3,292
293,Oyonder-293,lmoxley84@sakura.ne.jp,Cangkuang,575 Badeau Plaza,219,293
294,Einti-294,rtrubshawe85@accuweather.com,‘Ubāl,996 Hansons Terrace,70469,294
295,Yoveo-295,turwin86@bloglovin.com,Santo Antônio de Posse,011 Debra Plaza,35,295
296,Livetube-296,jgardner87@phpbb.com,Prostki,19 Lien Way,28507,296
297,Skippad-297,vblythin88@ihg.com,Katovice,6746 Hanson Center,99084,297
298,Browsedrive-298,afilyukov89@so-net.ne.jp,Grajaú,1 Barby Terrace,2902,298
299,Fivebridge-299,htinklin8a@flickr.com,Al Quţayfah,80169 Esker Place,1947,299
300,Shuffledrive-300,bpilkington8b@usa.gov,Nezvěstice,53063 Maple Drive,4,300
301,Topiclounge-301,ystalf8c@newsvine.com,Delaware,811 Blue Bill Park Court,258,301
302,Nlounge-302,dviccars8d@goodreads.com,Leyuan,0 Quincy Drive,666,302
303,Aivee-303,lkasting8e@walmart.com,Santa Valha,62740 Thierer Crossing,6628,303
304,Topicblab-304,nscartifield8f@yolasite.com,La Asunción,8 Nova Point,5963,304
305,Yamia-305,tdaughtry8g@goodreads.com,Yingta,82542 Clyde Gallagher Point,70,305
306,Zava-306,idaglish8h@goo.gl,Santa Cruz Cabrália,7263 Schiller Plaza,0735,306
307,Edgewire-307,rlamey8i@tinypic.com,Kafir Yasif,78 Annamark Alley,45783,307
308,Yakidoo-308,sraspison8j@google.com.hk,Fort-de-France,6705 Thompson Trail,3,308
309,Realbridge-309,mstandall8k@ucoz.ru,Qaţanah,38080 Maywood Drive,851,309
310,Skipfire-310,ocutmare8l@flavors.me,Yangxiang,4 Moose Road,6243,310
311,Twinte-311,lalti8m@chron.com,Omoku,058 Melby Pass,0,311
312,Skyba-312,bdonlon8n@google.es,Aracati,52279 Waywood Junction,81,312
313,Aimbu-313,slethbridge8o@discovery.com,Zhaixi,0 Westport Plaza,31921,313
314,Wikivu-314,rgrimsell8p@howstuffworks.com,Kołbiel,51 Bonner Drive,897,314
315,Buzzster-315,nbezley8q@ycombinator.com,Vigia,687 Glendale Alley,720,315
316,Browsedrive-316,thaliday8r@phpbb.com,Pingshan,908 Petterle Circle,9900,316
317,Skyble-317,amccaskell8s@mediafire.com,Lāchi,037 Roxbury Way,0771,317
318,Divape-318,epettwood8t@who.int,Villa La Angostura,420 Transport Road,12212,318
319,Leenti-319,zklinck8u@state.gov,Jackson,624 Jenna Road,2450,319
320,Skivee-320,crahl8v@exblog.jp,Rouen,4814 Brickson Park Alley,640,320
321,Aimbu-321,pfrancis8w@moonfruit.com,Gračec,0405 Stang Road,9,321
322,Feedfire-322,npalser8x@imgur.com,Glória do Goitá,825 Katie Way,1,322
323,Devbug-323,fsouth8y@ovh.net,Shreveport,63 Sycamore Trail,44,323
324,Lazzy-324,sbowie8z@sourceforge.net,Chengxiang,16967 Express Street,56,324
325,Devpoint-325,ckondrat90@hatena.ne.jp,Liuge,4 Dwight Terrace,9223,325
326,Quinu-326,jmilborn91@cisco.com,Wangong,0 Melody Lane,37520,326
327,Skajo-327,gpayle92@hibu.com,Bagorejo,65366 Montana Place,3623,327
328,Aimbo-328,kcolvin93@kickstarter.com,Żarnów,352 Banding Circle,279,328
329,Jatri-329,blaven94@illinois.edu,Marína,737 Maple Wood Terrace,40,329
330,Eazzy-330,rpoplee95@ftc.gov,Dobroměřice,3 Portage Park,5,330
331,Oyoba-331,esaintpierre96@msn.com,Tomé,9 Lawn Junction,04,331
332,Jabberstorm-332,craitie97@liveinternet.ru,Thị Trấn Mường Khến,1 Starling Way,81343,332
333,Jaxbean-333,eshellcross98@disqus.com,Greda,062 Burning Wood Road,49668,333
334,Gabcube-334,guden99@discuz.net,Uiasa,41081 Ridgeway Pass,06331,334
335,Meedoo-335,sbonhome9a@nih.gov,Haukipudas,199 Prairie Rose Parkway,18778,335
336,Topiclounge-336,bhannum9b@who.int,Umbuldamar,30220 Bayside Pass,7,336
337,Skidoo-337,mfarlane9c@live.com,Teongtoda,0747 Prairie Rose Pass,5025,337
338,Divanoodle-338,sgrestie9d@live.com,Houzhen,51876 Browning Pass,611,338
339,Kazio-339,mwedmore9e@ebay.co.uk,Cancela,8 Cottonwood Place,4639,339
340,Teklist-340,pklimke9f@phpbb.com,Dusun Tengah Cihaurbeuti,1655 Shasta Parkway,16,340
341,Voonix-341,cruggieri9g@edublogs.org,Zhufo,689 Anderson Pass,32,341
342,Wordtune-342,kalthorpe9h@sina.com.cn,Funchalinho,8 Bobwhite Parkway,11,342
343,Eazzy-343,cklejna9i@icq.com,Fangshan,742 Golden Leaf Street,17,343
344,Oyoba-344,hcattermoul9j@sphinn.com,Shiyuan,66769 Killdeer Hill,432,344
345,Demimbu-345,gdechastelain9k@google.pl,La Aurora,9259 Westend Crossing,0,345
346,Skyble-346,fmitkin9l@digg.com,Stavropol’,9697 Manley Court,898,346
347,Dabvine-347,mnehls9m@squarespace.com,Belmullet,7709 8th Lane,328,347
348,Voolith-348,jwinscomb9n@ehow.com,Manzherok,905 Columbus Plaza,6,348
349,Wordware-349,aelderbrant9o@booking.com,Foso,058 Scoville Street,62692,349
350,Kazio-350,ocurgenven9p@reference.com,Molina,20752 Sherman Parkway,77222,350
351,Izio-351,pschule9q@furl.net,Noenoni,2 Heath Hill,130,351
352,Quire-352,zarmitage9r@google.co.uk,Torres Novas,13625 Magdeline Lane,30923,352
353,Blognation-353,heliasson9s@spotify.com,Masoyila,9609 High Crossing Hill,805,353
354,Thoughtblab-354,dlewin9t@dion.ne.jp,Aktau,909 Delaware Terrace,2521,354
355,Jatri-355,cpengelley9u@dyndns.org,Linamon,6835 Mcbride Terrace,1,355
356,Babbleopia-356,rgillicuddy9v@utexas.edu,Holma,23 Portage Way,0,356
357,Youopia-357,amatheson9w@comsenz.com,Voskehask,81678 Bartelt Pass,87,357
358,Photofeed-358,mbiskupski9x@hexun.com,Huangliang,3 Mendota Way,3,358
359,Zoomzone-359,joconor9y@hexun.com,Wufeng,241 Novick Terrace,92722,359
360,Livetube-360,fmartinet9z@histats.com,Dukuhsia,5573 Dixon Lane,2,360
361,Photofeed-361,kpantrya0@geocities.jp,Villeneuve-d'Ascq,1 Summer Ridge Circle,3695,361
362,Kazu-362,mchasteneya1@eventbrite.com,Hannover,97311 Lotheville Plaza,88813,362
363,Edgewire-363,mjedrzejewskia2@google.cn,Valdivia,369 Basil Avenue,2873,363
364,Jabbertype-364,gworsfielda3@chron.com,São Lourenço do Sul,419 Shopko Lane,72,364
365,Mycat-365,cgaywooda4@weather.com,Bamusso,52 Derek Terrace,19726,365
366,Roodel-366,bccominia5@creativecommons.org,Kim Sơn,3442 Sutherland Avenue,52177,366
367,Jazzy-367,aplunketta6@sun.com,Oslo,33924 Morning Alley,7,367
368,Oozz-368,spippina7@yellowbook.com,Gobō,98 Melody Terrace,3878,368
369,Feedfish-369,wevinsa8@oaic.gov.au,Emalgolin Mongolzuxiang,24 Blue Bill Park Lane,2040,369
370,Katz-370,rhukinsa9@nps.gov,Sumbermanggis,01 Hooker Terrace,3,370
371,Digitube-371,hbasketteraa@rambler.ru,Buenavista,59 Carpenter Pass,14467,371
372,Linkbuzz-372,lritchab@jimdo.com,San Isidro,1689 Ramsey Pass,40,372
373,Photobug-373,aingleyac@weebly.com,Springfield,59792 Meadow Valley Center,7301,373
374,Aivee-374,frichemontad@jigsy.com,Pojok,8789 Claremont Hill,060,374
375,Zoomzone-375,prungeae@cam.ac.uk,Chesapeake,27 Almo Alley,5830,375
376,Mynte-376,ktreweelaaf@mlb.com,Guimbal,8402 Eastwood Circle,4,376
377,Oozz-377,hgeckeag@harvard.edu,Albina,201 Carpenter Lane,4817,377
378,Realcube-378,fseedhouseah@cdbaby.com,Bằng Lũng,51888 Eastlawn Alley,65504,378
379,Digitube-379,bleviai@cisco.com,Póvoa de Santo António,64493 Sullivan Alley,98502,379
380,Jabbersphere-380,jcolletonaj@foxnews.com,Los Angeles,6 Mitchell Center,53195,380
381,Aibox-381,clutwidgeak@mit.edu,La Mula,45 Farmco Alley,12,381
382,Topdrive-382,smclarenal@pcworld.com,Lefengzhen,64 Grim Road,77,382
383,Oyoba-383,hhearnesam@stanford.edu,Gamawa,95 Summer Ridge Avenue,0,383
384,Flipbug-384,icrampinan@lulu.com,Niejiahe,511 Becker Crossing,258,384
385,Zoombox-385,somullaneao@umich.edu,Abeokuta,4 Saint Paul Place,1,385
386,Blogspan-386,wivancevicap@technorati.com,Jovellanos,61720 Commercial Crossing,9640,386
387,Oyoba-387,mpaginaq@whitehouse.gov,Pag,39122 Manitowish Way,00283,387
388,Photobug-388,sdyhousear@godaddy.com,Kokubunji,0 Spaight Center,93718,388
389,Midel-389,hfeversas@deviantart.com,Roriz,13 La Follette Drive,31,389
390,Flashdog-390,lvereat@washingtonpost.com,Qiaoshi,1700 Old Shore Hill,161,390
391,Bubblebox-391,orockellau@guardian.co.uk,Panenjoan,5155 Spohn Lane,64638,391
392,Trilia-392,ssebringav@ucsd.edu,Yosowilangun,7 Mayfield Trail,4,392
393,Quinu-393,tpeyzeraw@indiatimes.com,Camajuaní,95185 Mesta Trail,772,393
394,Voolith-394,cbromigeax@exblog.jp,Selenicë,641 Texas Lane,041,394
395,Yodoo-395,wsheway@mozilla.org,Quxia,3012 Melrose Avenue,70,395
396,Gigabox-396,ctanzigaz@surveymonkey.com,Yangzhong,657 Mayer Way,391,396
397,Feedbug-397,jdrydenb0@amazon.co.jp,Benoni,33 Maryland Pass,793,397
398,Photobean-398,acicchinellib1@bloglines.com,Canga’an,332 Westerfield Hill,29,398
399,Meetz-399,ukisbyb2@ucoz.ru,Gines-Patay,90468 Morrow Avenue,57847,399
400,Voomm-400,ajurzykb3@webnode.com,Zhenwen,150 Springview Junction,13039,400
401,Meedoo-401,ugannanb4@so-net.ne.jp,Vřesina,75 Hallows Road,30,401
402,Tagchat-402,vmatterisb5@huffingtonpost.com,Zarzal,53 Charing Cross Junction,1,402
403,Edgeclub-403,kpummeryb6@spotify.com,Xinlong,7655 Scott Pass,8524,403
404,Skilith-404,mroizb7@cdc.gov,Wysoka,4255 Golf Course Terrace,64724,404
405,Fivechat-405,phucksteppb8@qq.com,Yedogon,40 Prentice Drive,2,405
406,Shuffletag-406,jizzatb9@skyrock.com,Tagnanan,663 Farmco Avenue,55,406
407,Gabtype-407,wrymanba@reference.com,Hengshui,3582 Farragut Park,942,407
408,Yombu-408,mwhistlecroftbb@ovh.net,Dongxi,410 Debs Hill,3,408
409,Wordtune-409,barletbc@prweb.com,Chenqiao,995 Laurel Avenue,67242,409
410,Dynabox-410,enoonebd@de.vu,Qingqu,0287 International Terrace,9051,410
411,Kwimbee-411,cconnuebe@topsy.com,Oakville,1 Gulseth Place,754,411
412,Divape-412,achurchesbf@mapquest.com,Azurva,8 Pierstorff Crossing,1993,412
413,Jazzy-413,ccordreybg@rambler.ru,Pizarro,33856 Browning Center,92466,413
414,Katz-414,ajoneybh@chronoengine.com,Montélimar,4 Eggendart Terrace,22,414
415,Meevee-415,pvasyunkinbi@craigslist.org,Merke,24 Springview Alley,77,415
416,Youspan-416,mlongridgebj@blogtalkradio.com,Sandy Bay,4 Artisan Lane,79,416
417,Kaymbo-417,froseboroughbk@arizona.edu,Dumalinao,21186 Algoma Lane,6,417
418,Voomm-418,dgarmentbl@goo.ne.jp,Bayt Sīrā,497 Dennis Circle,5133,418
419,Avamba-419,bpollinsbm@oracle.com,Qianpai,9 John Wall Crossing,6095,419
420,Eimbee-420,tdumbellbn@yellowpages.com,Ciparay,02 Magdeline Crossing,65,420
421,Edgewire-421,groystebo@hp.com,Xazgat,63886 Paget Way,103,421
422,Dynava-422,asomerfieldbp@usa.gov,Pulangbato,5917 Butternut Place,249,422
423,Skiptube-423,jruburybq@joomla.org,Fonadhoo,379 Crest Line Court,401,423
424,Browsezoom-424,jheasmanbr@ftc.gov,Two Hills,2211 Coleman Street,35767,424
425,Realfire-425,wheisterbs@weibo.com,Jiaocheng,171 Lukken Center,3,425
426,Topdrive-426,sdriversbt@java.com,Courbevoie,21 Delladonna Road,70,426
427,Jamia-427,mbalchinbu@noaa.gov,Wuluhan,6759 Superior Alley,03,427
428,Mynte-428,cscathardbv@soup.io,Vichy,5338 Bashford Terrace,9,428
429,Brainsphere-429,sthakebw@webnode.com,Ban Lam Luk Ka,4 Warrior Plaza,55994,429
430,Leenti-430,bdainebx@ibm.com,Idenao,1 Clarendon Point,579,430
431,Wordware-431,wsissensby@netlog.com,Villa Lugano,745 Eastwood Junction,578,431
432,DabZ-432,gklementbz@examiner.com,Tuanlin,9 Butternut Way,555,432
433,Abatz-433,nrickersyc0@comsenz.com,Youxi,269 Bluestem Avenue,1,433
434,Vinder-434,epietronic1@behance.net,Stará Ves nad Ondřejnicí,0 Thierer Circle,440,434
435,Divape-435,mgerratyc2@imageshack.us,Al Manshāh,5 Service Terrace,7,435
436,Devpulse-436,kroosec3@cbsnews.com,Nanshe,937 Chinook Junction,5,436
437,Ozu-437,bdunbobbinc4@parallels.com,Ibagué,1910 Westridge Parkway,1,437
438,Feedfire-438,lmancec5@mail.ru,Gandapura,483 Continental Center,67,438
439,JumpXS-439,vmacanec6@seesaa.net,Caieiras,154 Annamark Court,8397,439
440,Agimba-440,epenhaligonc7@themeforest.net,Fangtai,6 Warner Parkway,9707,440
441,Photobug-441,rvanderlindec8@harvard.edu,Maji,33 Dapin Alley,8,441
442,Ozu-442,emacgiffinc9@odnoklassniki.ru,Gračac,6202 Butterfield Drive,3922,442
443,Mydo-443,mfenderca@wikipedia.org,Macayug,296 Lakeland Road,7,443
444,Vinte-444,tshottincb@flickr.com,Tongjiang,1027 Pepper Wood Street,677,444
445,Livetube-445,dledwichcc@studiopress.com,Barbacoas,58715 7th Avenue,58,445
446,Photolist-446,alingleycd@sohu.com,Mladá Boleslav,7 Columbus Crossing,4313,446
447,Skinder-447,acutteridgece@tuttocitta.it,Mino,3 Summer Ridge Crossing,68,447
448,Digitube-448,vygocf@simplemachines.org,Samannūd,5 Elmside Alley,16406,448
449,Avamba-449,llaffoleylanecg@posterous.com,Mojocoya,70 Warrior Road,903,449
450,Leenti-450,jkaufmanch@opera.com,Okakarara,2 Nevada Avenue,9,450
451,Rooxo-451,gtomblinci@1688.com,Shatian,9028 Fieldstone Center,206,451
452,Zoonoodle-452,wtaytcj@discuz.net,Zhaoyuan,1620 Ronald Regan Center,0,452
453,Gabcube-453,bmerrettck@cmu.edu,Kapotnya,79 Independence Plaza,81391,453
454,Flashpoint-454,hupshallcl@xrea.com,Buyant,774 Hoffman Circle,2705,454
455,Realbridge-455,bbossinghamcm@narod.ru,Targanice,99132 Bultman Center,169,455
456,Cogidoo-456,nclaybournecn@scientificamerican.com,Prioso Barat,1719 Carioca Center,694,456
457,Wordtune-457,amerrellco@mac.com,Koani Ndogo,684 Shasta Avenue,3955,457
458,Viva-458,bgommerycp@phoca.cz,Enyerhyetykaw,1 Summerview Pass,1415,458
459,Photofeed-459,rshawyercq@hud.gov,Dayapan,1 Memorial Pass,946,459
460,Blogtags-460,rkryskacr@adobe.com,Ala-Buka,5 Starling Pass,3748,460
461,Skiba-461,btrusslercs@ehow.com,Saray,47 Goodland Alley,43,461
462,Yamia-462,mgravestonect@wordpress.com,Río Pico,42473 Erie Street,108,462
463,Flipstorm-463,jdenerscu@xrea.com,Oltinko’l,31 Coleman Park,4875,463
464,Midel-464,mguillotoncv@merriam-webster.com,Kang,3 Hagan Point,21941,464
465,Gabcube-465,lorrobincw@woothemes.com,Žatec,33743 Oak Valley Park,80792,465
466,Jabberstorm-466,wtrotmancx@themeforest.net,Zhangaqorghan,155 6th Terrace,9698,466
467,Zoombox-467,aholttomcy@gizmodo.com,Krynice,05146 Del Mar Alley,3731,467
468,Roomm-468,kfandreycz@mediafire.com,Sambong,3 Buhler Street,7908,468
469,Yakitri-469,cstofferd0@cnn.com,Xiaojinkou,34 Northport Lane,650,469
470,Zoomcast-470,rcaland1@blog.com,Gorgān,835 Briar Crest Way,450,470
471,Kazu-471,hvinsond2@shareasale.com,Zmijavci,54025 Tomscot Parkway,47514,471
472,Vinte-472,ggiacomellid3@theguardian.com,Bauang,5 Lunder Court,9743,472
473,Mycat-473,amulderd4@google.co.jp,Pomahan,73059 Ilene Point,5,473
474,Twinte-474,mimmingsd5@zimbio.com,Torez,303 Kennedy Center,28070,474
475,Gabtype-475,edelahuntyd6@usa.gov,Hanbin,3280 Chinook Place,00,475
476,Lazzy-476,gshuxsmithd7@economist.com,Butel,5 Magdeline Hill,584,476
477,Quinu-477,nbrissardd8@mac.com,Adtugan,13 Kingsford Park,6,477
478,Photobug-478,mhorickd9@wufoo.com,El Fasher,4791 Sachtjen Court,8,478
479,InnoZ-479,jpetruskada@bbb.org,Shuhe,2212 Larry Alley,76,479
480,Devshare-480,nlapidusdb@google.com.au,Sundbyberg,450 Quincy Terrace,416,480
481,Edgewire-481,bmurrigansdc@marketwatch.com,Titab,3 Ruskin Place,8,481
482,Blogtag-482,dhawkeydd@un.org,Wanareja,57 Dayton Street,49,482
483,Trilith-483,bbesde@nsw.gov.au,Nanyang,0 Morrow Avenue,704,483
484,Oloo-484,rgerrarddf@weibo.com,Triesenberg,828 Starling Center,36,484
485,Voolia-485,ryarnelldg@clickbank.net,Velventós,6237 4th Terrace,1779,485
486,Latz-486,kkeesmandh@washington.edu,Franco da Rocha,8 Sherman Court,895,486
487,Layo-487,slakemandi@globo.com,Esmoriz,27 Towne Point,381,487
488,Eire-488,hkenninghamdj@oaic.gov.au,Matou,50 Carpenter Circle,0,488
489,Rhycero-489,hedgleydk@shutterfly.com,Codoi,372 Oneill Street,3,489
490,Voolith-490,mgioanidl@illinois.edu,Krajenka,829 Brentwood Alley,26,490
491,Edgeify-491,mguisotdm@java.com,Yuzhno-Sukhokumsk,86 Derek Park,8322,491
492,Skipfire-492,cgillumdn@nih.gov,Lypova Dolyna,0 Thompson Center,9,492
493,Zooveo-493,sblezarddo@w3.org,Telgawah,91981 David Way,50997,493
494,Yombu-494,wshoorbrookedp@weibo.com,El Carmen de Bolívar,272 Lake View Court,30,494
495,Tagopia-495,edoyledq@squarespace.com,Jiahe,9 Corscot Lane,632,495
496,Skipfire-496,atipplerdr@simplemachines.org,Guacarí,0 School Place,3,496
497,Dynazzy-497,kbalmadierds@fotki.com,Kaeng Khoi,03225 Shoshone Alley,48,497
498,Voomm-498,vbiaggidt@mlb.com,Danzi,44 Monument Pass,92,498
499,Rooxo-499,jlatimerdu@msu.edu,Nantes,772 Cardinal Way,219,499
500,Centidel-500,ibeggandv@macromedia.com,Veisiejai,89573 Sutteridge Way,5970,500
501,Aivee-501,zgriswooddw@usgs.gov,Vareš,3 Kipling Court,1,501
502,Wordpedia-502,kcorragandx@dailymail.co.uk,Antsohihy,21646 Chive Junction,40,502
503,Twitterbridge-503,kgwynnedy@geocities.jp,Wadi,37762 Maple Wood Pass,9,503
504,LiveZ-504,ldearesdz@europa.eu,Buynaksk,725 Fisk Point,6864,504
505,Eayo-505,jchristoffee0@toplist.cz,Passo Fundo,42116 Corscot Place,4750,505
506,Oozz-506,jmacgilpatricke1@tmall.com,Longtian,085 Talisman Place,4,506
507,Rhynoodle-507,gsolee2@about.me,Charleville-Mézières,1 Esker Pass,61487,507
508,Zooxo-508,hriddele3@surveymonkey.com,Graksop,55 Reindahl Junction,2503,508
509,Browsecat-509,mtenaunte4@purevolume.com,Yanino Vtoroye,6 Hoffman Alley,807,509
510,Dazzlesphere-510,ccleatone5@slashdot.org,Dabaozi,5549 Straubel Court,0106,510
511,BlogXS-511,hgotcliffee6@reddit.com,Vynohradove,6713 Ramsey Court,8959,511
512,Babbleopia-512,ccuschierie7@themeforest.net,Ciherang,28575 Gale Court,3724,512
513,Riffwire-513,gfortescuee8@taobao.com,Phlapphla Chai,7 Eastlawn Street,47942,513
514,Zoombox-514,rmcquadee9@mapy.cz,Youhua,1635 Golf Course Avenue,3553,514
515,Devcast-515,asnowdenea@china.com.cn,Pakel,738 Bashford Parkway,85320,515
516,Buzzster-516,rrawleeb@disqus.com,Gresik,7654 Packers Parkway,645,516
517,Photobean-517,odanielskiec@yale.edu,Warren,30 Maple Wood Street,75036,517
518,Yambee-518,dbolinoed@huffingtonpost.com,Benito Juarez,1 Sheridan Place,6548,518
519,Jazzy-519,abradberryee@webs.com,Färjestaden,79 Oakridge Avenue,8,519
520,Zoonoodle-520,ldyballef@e-recht24.de,Vojnić,0 5th Point,69347,520
521,Babblestorm-521,ajuzekeg@booking.com,Shigu,4 Hansons Trail,80,521
522,Browsetype-522,bgluyaseh@seattletimes.com,Tacoma,721 Meadow Vale Street,6,522
523,Devify-523,iyakobowitchei@nationalgeographic.com,Karsin,616 Dwight Crossing,99,523
524,Realbridge-524,gwylltej@com.com,Xiamazhuang,42555 Mayer Point,9,524
525,Zoomzone-525,jstanbroek@mozilla.com,Moriya,0845 Cambridge Place,3383,525
526,Quatz-526,dhanwrightel@columbia.edu,Silvares,1 4th Crossing,04,526
527,Brainbox-527,dmuldoonem@php.net,Gamleby,22 Green Hill,20502,527
528,Fatz-528,ymelesken@mapquest.com,Tozeur,6135 Eggendart Street,8,528
529,Realmix-529,tnicklineo@unc.edu,Mosina,09419 Starling Point,9,529
530,Yata-530,scastelowep@npr.org,Conde,944 Spohn Road,3246,530
531,Plajo-531,eattyeq@twitpic.com,Shikārpur,509 Warner Street,0142,531
532,Blogpad-532,gkulickeer@addtoany.com,Zahlé,85 Mcbride Alley,1,532
533,Realcube-533,jansleyes@nba.com,Lephalale,71660 Emmet Street,15,533
534,Camimbo-534,etasselet@simplemachines.org,Nantes,941 Service Trail,9616,534
535,Linktype-535,jgerisheu@squidoo.com,Těšany,489 Pleasure Place,8,535
536,Jabbersphere-536,smaundev@bravesites.com,Bačka Palanka,4 Namekagon Road,6364,536
537,Teklist-537,mthomblesonew@liveinternet.ru,Novoshakhtinsk,658 Elka Trail,6,537
538,Dynava-538,ghemphillex@businessweek.com,Nova Olímpia,32115 Hagan Point,310,538
539,Zoonoodle-539,ehayworthey@usda.gov,Iwade,8862 Anderson Court,57,539
540,Cogidoo-540,jgoldwaterez@disqus.com,Miaotang,5 Westerfield Point,56965,540
541,Jabbersphere-541,hbanthamf0@wikia.com,Dongping,94996 Carioca Pass,3886,541
542,Kwilith-542,kbellshamf1@icio.us,Selemadeg Kelod,25134 Nova Court,89096,542
543,Divanoodle-543,akuhnhardtf2@liveinternet.ru,Solnice,0 Bartillon Way,50,543
544,Shufflester-544,fmanclarkf3@about.com,El Progreso,2510 Parkside Avenue,28,544
545,Viva-545,adeathf4@behance.net,Semiletka,3794 Messerschmidt Crossing,0867,545
546,Gigashots-546,elarratf5@1und1.de,Taouima,6344 Shelley Street,0202,546
547,LiveZ-547,egaif6@miitbeian.gov.cn,Steinkjer,993 Surrey Avenue,2174,547
548,Yadel-548,brodwellf7@usnews.com,Mbanza Congo,0588 Burning Wood Circle,5,548
549,Devbug-549,mkobf8@purevolume.com,Emin,351 Warrior Terrace,00,549
550,Trupe-550,kabelovf9@blog.com,Ishimbay,39204 Fair Oaks Place,7393,550
551,Skipfire-551,cmollenfa@blogs.com,Shiḩan as Suflá,6 Utah Hill,67,551
552,Flashset-552,eromaynefb@yolasite.com,Gualeguay,50 Browning Crossing,34185,552
553,Tagfeed-553,gclementefc@techcrunch.com,Jarada,3539 Clarendon Way,6,553
554,Skivee-554,cfrancecionefd@abc.net.au,Täby,1402 Ronald Regan Park,4,554
555,Divanoodle-555,imcbainfe@alibaba.com,Chagoda,23 Merry Park,390,555
556,Flipstorm-556,rskeelesff@gizmodo.com,Shuakhevi,59334 Hallows Circle,8,556
557,Topicshots-557,dwestneyfg@woothemes.com,Pappádos,9015 Calypso Street,16941,557
558,Tanoodle-558,fbridglandfh@biglobe.ne.jp,Tanumshede,65 Maple Trail,34602,558
559,Geba-559,ichacefi@google.it,Ajaccio,7941 Dixon Circle,1,559
560,Thoughtsphere-560,shamlettfj@tinypic.com,Jiamaogong,50239 Pankratz Terrace,64,560
561,Wordify-561,vorielfk@hhs.gov,Detchino,291 Victoria Circle,20380,561
562,Gigabox-562,jsowterfl@nsw.gov.au,Bouarouss,29894 New Castle Terrace,909,562
563,Jaxnation-563,styersfm@admin.ch,Temryuk,1694 Bayside Parkway,79510,563
564,Fivebridge-564,jkestonfn@discuz.net,Malhiao,45797 Fallview Street,7,564
565,Photobug-565,tanthoinfo@last.fm,Xêgar,15845 Memorial Crossing,5394,565
566,Trudoo-566,egrubbefp@ebay.com,Bayzhansay,69 Rusk Circle,09,566
567,Dabvine-567,tschustlfq@dropbox.com,Igcocolo,27 Morrow Place,2774,567
568,Npath-568,slehemannfr@kickstarter.com,Sundbyberg,54564 Granby Place,40,568
569,Oyondu-569,hrobbinsfs@ibm.com,Chishtiān Mandi,772 Mesta Parkway,842,569
570,Wordware-570,vbulmanft@prnewswire.com,Hema,1815 Pennsylvania Center,6613,570
571,Zava-571,swhopplesfu@ning.com,Čajniče,9966 Debra Place,9262,571
572,Edgeclub-572,tbothafv@vistaprint.com,Mollebamba,1 Laurel Crossing,38,572
573,Kamba-573,tstigellfw@google.pl,Cloyne,53765 Crowley Way,82630,573
574,Eazzy-574,mpoltunfx@bigcartel.com,Miguel Hidalgo,083 Barby Pass,442,574
575,Twitterlist-575,tbristowefy@networkadvertising.org,Tracal,8903 Express Point,160,575
576,Livetube-576,ggrigoirefz@google.de,Beisijia,13 Maywood Hill,8304,576
577,Fadeo-577,fperviewg0@auda.org.au,North Little Rock,3 Debs Court,64,577
578,Twimm-578,ppullarg1@i2i.jp,Plomárion,2 Hoard Road,40,578
579,Avaveo-579,adukerg2@tamu.edu,Sagrada Familia,21821 Towne Circle,8,579
580,Brightdog-580,nkupecg3@sun.com,Lívingston,626 Eliot Center,438,580
581,Meetz-581,cgordong4@paypal.com,Dangchang Chengguanzhen,2886 Golf Way,5476,581
582,Vimbo-582,sholburyg5@webeden.co.uk,K’olīto,286 Sunfield Way,7,582
583,Wordify-583,aspatarulg6@washingtonpost.com,Tigre,1346 Park Meadow Pass,86,583
584,Blogpad-584,ocurlingg7@is.gd,Laguna Paiva,5 Beilfuss Park,24,584
585,Tazz-585,sderrg8@google.ru,København,8515 Ramsey Center,960,585
586,Voonix-586,kyouellg9@reference.com,Stanovoye,2 Old Shore Avenue,939,586
587,Devbug-587,fhargreavesga@netlog.com,Aimin,3411 Express Junction,476,587
588,Wikizz-588,agasparrogb@usda.gov,Mirões,0 Becker Circle,22,588
589,Plambee-589,glealgc@hugedomains.com,Antipolo,0 Kenwood Center,5,589
590,Dabvine-590,vhinksengd@wikipedia.org,Tomingad,7 Stone Corner Plaza,36,590
591,Photofeed-591,gnicholasge@smugmug.com,Kampungladang,88071 Melrose Park,0,591
592,Mymm-592,myushachkovgf@dedecms.com,Santa Lucia,77 Rutledge Point,0,592
593,Yakidoo-593,bpressleegg@house.gov,Wenxi,80842 Kropf Park,04,593
594,Youopia-594,kdunygh@free.fr,Vilar do Pinheiro,8 Union Center,11456,594
595,Skyba-595,ygalbrethgi@scribd.com,Baganga,65 Barby Lane,20347,595
596,Voonder-596,tderlegj@archive.org,Qādirpur Rān,75675 Basil Trail,675,596
597,Oyoba-597,ccalvergk@indiatimes.com,Чегране,6 Sauthoff Place,080,597
598,Ailane-598,jhugeningl@xing.com,Kveda Chkhorots’q’u,42 Anhalt Road,58877,598
599,Zoomlounge-599,eabarrowgm@cbslocal.com,Huanghuai,2208 Meadow Ridge Drive,34877,599
600,Buzzdog-600,rfawthropgn@shop-pro.jp,Kolomanu,16083 Eastlawn Avenue,47,600
601,Realbridge-601,bklemtgo@acquirethisname.com,Dourados,83 Petterle Street,46203,601
602,Youopia-602,kbraishergp@columbia.edu,Matsubara,68431 Vera Pass,290,602
603,Skipfire-603,htuttgq@msu.edu,Xinghuo,6 Claremont Place,3,603
604,Skimia-604,fmckinneygr@samsung.com,Kallinge,506 Duke Pass,2310,604
605,Divape-605,pbaildongs@upenn.edu,El Doncello,34 Acker Road,17640,605
606,Dabvine-606,dfoggartygt@hp.com,Końskowola,4 Lakeland Way,96,606
607,Dazzlesphere-607,mclericoatesgu@stumbleupon.com,Tierra Blanca,6062 Bay Point,7087,607
608,Tazz-608,nreefgv@cbsnews.com,Dakoutun,0154 Dennis Avenue,8555,608
609,Zooveo-609,jgiraudelgw@angelfire.com,Fuxing,9451 Clemons Drive,09125,609
610,Gigaclub-610,lhimsworthgx@tuttocitta.it,Skrwilno,04891 Hooker Pass,47845,610
611,Kaymbo-611,egarettgy@histats.com,Sekirnik,51141 Del Sol Center,1029,611
612,Rhynoodle-612,amalebygz@si.edu,Belén,3617 Sycamore Alley,4,612
613,Brainsphere-613,bplewrighth0@github.io,Haysyn,9 Spenser Alley,0550,613
614,Linkbridge-614,sbartoschh1@vinaora.com,Taraz,8 Cherokee Court,75336,614
615,Yambee-615,gmccarneyh2@marriott.com,Nikitinskiy,4932 Elgar Plaza,83,615
616,Edgeclub-616,apaulinh3@si.edu,Jinfeng,866 Sugar Court,378,616
617,Eimbee-617,amatthiesenh4@hhs.gov,Malanville,342 Calypso Trail,4,617
618,Dablist-618,vpoveleyeh5@imgur.com,Sepanjang,536 Becker Junction,56512,618
619,Photobug-619,galgerh6@comsenz.com,Albrechtice,408 Sage Plaza,35988,619
620,Skipfire-620,pcromartyh7@pbs.org,Taraan,07404 Lindbergh Way,8,620
621,Yabox-621,bashbeyh8@howstuffworks.com,Cartagena,615 Ilene Alley,5,621
622,Twinte-622,hbeneditoh9@live.com,Kedungdoro,8 Lillian Trail,23218,622
623,Zoonoodle-623,eelanha@dion.ne.jp,Dongshandi,89090 Mcbride Parkway,22730,623
624,Ntags-624,adovinsonhb@who.int,Huasahuasi,77262 Sutherland Circle,47481,624
625,Layo-625,jbelsonhc@google.co.jp,Rubizhne,4418 Service Street,61597,625
626,Oyoyo-626,cocklandhd@princeton.edu,Dongfu,3723 Mesta Street,0,626
627,Bluezoom-627,gstolzehe@163.com,Jinsha,69967 Manley Point,36211,627
628,Kanoodle-628,cheaslyhf@senate.gov,Hương Sơn,0204 Dapin Junction,17178,628
629,Midel-629,gcasassahg@vimeo.com,Oof,1517 Jenifer Drive,7691,629
630,Yodo-630,liorihh@gizmodo.com,Svojat,46132 Darwin Circle,7,630
631,Avamba-631,ssemperhi@booking.com,Södertälje,798 School Terrace,5473,631
632,Buzzdog-632,ehuggonshj@is.gd,Öndörhoshuu,527 Troy Place,7097,632
633,Zava-633,amcpeakehk@msn.com,Coromoro,32983 South Hill,882,633
634,Mita-634,rmatteolihl@guardian.co.uk,Lavaur,82633 Elka Point,165,634
635,Dabjam-635,tlahyhm@webeden.co.uk,Stryków,044 Charing Cross Junction,5632,635
636,Wikivu-636,ksmallshawhn@fastcompany.com,Tilmi,46 Pearson Hill,89,636
637,Demizz-637,ccavendishho@delicious.com,Incheon,69342 Merry Alley,0,637
638,DabZ-638,tdamarellhp@acquirethisname.com,Acarigua,35355 Sutherland Trail,61964,638
639,Quire-639,jtummasuttihq@cpanel.net,Vykhino-Zhulebino,717 Hintze Circle,675,639
640,Edgeblab-640,htooleyhr@technorati.com,Yilan,51180 Fieldstone Plaza,3,640
641,Meedoo-641,rheywardhs@go.com,El Salitre,713 Mifflin Lane,1318,641
642,Jetwire-642,tmcshirieht@businessinsider.com,Miragaia,174 Westridge Trail,1171,642
643,Skippad-643,aemilienhu@telegraph.co.uk,Enköping,51168 Brentwood Court,9852,643
644,Photobug-644,afoucarhv@free.fr,Choa Saidān Shāh,80990 Eagan Drive,99629,644
645,Riffwire-645,ntilfordhw@blogspot.com,São Domingos do Maranhão,1774 Blaine Street,2908,645
646,Pixope-646,mjellicohx@mit.edu,Linjiang,31815 East Crossing,293,646
647,Centimia-647,swalleyhy@hexun.com,Leigao,81307 Columbus Terrace,3386,647
648,Meembee-648,gbunclarkhz@163.com,Shushicë,27631 Texas Center,7,648
649,Avaveo-649,ggalileei0@cnet.com,Jarash,26785 Manley Pass,6384,649
650,Latz-650,jbasilei1@joomla.org,San Calixto,4843 Hoepker Court,9,650
651,Muxo-651,ebrandhardyi2@exblog.jp,Gorjani,81 Mifflin Road,76,651
652,Abatz-652,lwildborei3@phpbb.com,Le Mans,6976 Lerdahl Way,1,652
653,Aibox-653,fdaintreyi4@intel.com,Synevyr,947 Gateway Park,5,653
654,Twitterworks-654,lheersmai5@barnesandnoble.com,San Martín,4065 Warner Circle,1205,654
655,Jabbersphere-655,cdovermanni6@seattletimes.com,Lianghu,88930 Judy Alley,23193,655
656,Kayveo-656,sgalesi7@google.fr,Kutacane,820 Straubel Center,91,656
657,Topicshots-657,kfranceschinoi8@wix.com,Sehwān,1700 Vidon Trail,65889,657
658,Bubblebox-658,ocraykeri9@addtoany.com,Al Marj,1 Lighthouse Bay Point,352,658
659,Quamba-659,lprantlia@sina.com.cn,Atlanta,9 Spenser Lane,6032,659
660,Lazz-660,dianizziib@example.com,Đắk Song,62 Tennessee Terrace,8977,660
661,Avamm-661,lfellenoric@who.int,Néa Péramos,707 Hoepker Circle,6,661
662,Eamia-662,hcellerid@imgur.com,Baidian,1730 Anniversary Road,48,662
663,BlogXS-663,ffontinie@tuttocitta.it,Maurole,51 Hovde Avenue,6020,663
664,Devify-664,cmcgilroyif@aol.com,Batambak,08402 Donald Court,80606,664
665,Skimia-665,hdennantig@histats.com,Motupe,8 Prentice Parkway,9,665
666,Skiptube-666,okrollmannih@pinterest.com,El Obeid,94 Barnett Crossing,53,666
667,Linktype-667,pbolleyii@reuters.com,Kembang,1 Blackbird Terrace,6,667
668,Roomm-668,tvalettij@hud.gov,Damawato,55702 Darwin Road,51,668
669,Blogpad-669,ngallik@nbcnews.com,Bolhrad,0431 Lillian Center,396,669
670,Yakijo-670,oproffittil@hibu.com,Zolotkovo,8 Huxley Crossing,3,670
671,Rhycero-671,adhenninim@bravesites.com,Las Junturas,52514 Thierer Terrace,2239,671
672,Fiveclub-672,ctrewmanin@is.gd,Hội An,21 Gina Place,945,672
673,Dabvine-673,mfurmingerio@mit.edu,Tempurejo,64954 Karstens Place,838,673
674,Shufflester-674,ocanelasip@ning.com,Debelets,90673 Oakridge Park,999,674
675,Oyoba-675,dshilstoniq@timesonline.co.uk,Mingelchaur,35170 Corben Terrace,866,675
676,Babbleblab-676,stailbyir@weather.com,Pursat,9 Beilfuss Junction,426,676
677,Wordpedia-677,dcarradiceis@slashdot.org,Chuangwang,51405 Fairview Crossing,8604,677
678,Eire-678,achatanit@deliciousdays.com,Popil'nya,688 Larry Park,6,678
679,Mynte-679,mlambrookiu@harvard.edu,Verblyany,18 Vera Plaza,8,679
680,Photospace-680,ydunseathiv@foxnews.com,Estoril,0128 Barby Drive,3680,680
681,Vitz-681,jsarveriw@cbsnews.com,Tarvasjoki,9896 Oakridge Crossing,416,681
682,Devcast-682,cmuxworthyix@odnoklassniki.ru,Hongchang,6705 Pond Way,815,682
683,Feedfish-683,jgeaneyiy@wp.com,Duowa,7612 Spenser Junction,9968,683
684,Blognation-684,lpiddockiz@nydailynews.com,Santo Tomas,7628 Crownhardt Way,00266,684
685,Wikido-685,rmesnardj0@spotify.com,Lidoríki,444 Summerview Court,4082,685
686,Oyonder-686,llamplughj1@liveinternet.ru,Stung Treng,9260 Hazelcrest Plaza,08,686
687,Devbug-687,eedelheitj2@nhs.uk,Besuk Selatan,45520 Fairfield Park,437,687
688,Innojam-688,lnieldj3@google.co.uk,Kuala Lumpur,058 Mandrake Street,573,688
689,Voolith-689,acattonnetj4@smh.com.au,Aseri,540 Becker Street,420,689
690,Skyndu-690,jdeeveyj5@engadget.com,Gbarnga,7 Forest Dale Drive,9,690
691,Avamba-691,bsutheranj6@youtu.be,Huishi,0782 Lotheville Lane,77741,691
692,Skyba-692,atrouncej7@nbcnews.com,Torre,58 Manitowish Hill,9996,692
693,Zoovu-693,dcisnerosj8@vinaora.com,Dřevohostice,5520 Center Road,533,693
694,Browsedrive-694,bwrighthamj9@miibeian.gov.cn,Bangan-Oda,37 Prairieview Circle,107,694
695,Thoughtsphere-695,hmaffeija@hp.com,Gengcheng,05744 Meadow Valley Pass,58977,695
696,Avamba-696,ddouglissjb@t-online.de,Trondheim,32 Spaight Alley,68,696
697,Dabtype-697,cboastjc@jigsy.com,Zliten,28 Ilene Court,487,697
698,JumpXS-698,ukneejd@ehow.com,Canavieiras,3 Darwin Drive,080,698
699,Devcast-699,rslocomje@ibm.com,Garanhuns,483 Lotheville Terrace,70,699
700,Twitternation-700,ggiggsjf@newyorker.com,Torino,9 Lukken Point,757,700
701,Wikibox-701,aacremanjg@shinystat.com,Dębów,9 Melrose Lane,9296,701
702,Flashdog-702,mcorbouldjh@stumbleupon.com,Banjar Triwangsakeliki,2 Montana Parkway,42188,702
703,Topicware-703,hlivesleyji@infoseek.co.jp,Xinfeng,0 Commercial Court,5661,703
704,Kwimbee-704,lsweynsonjj@google.it,Baucau,1 Loftsgordon Court,39,704
705,Snaptags-705,ccrowdjk@pcworld.com,Bojonggaling,6 2nd Way,08154,705
706,Meemm-706,kcrocketjl@taobao.com,Buliran Segundo,19 Muir Parkway,837,706
707,Zoomdog-707,mbradburnejm@nymag.com,Lanzhong,6 Redwing Street,141,707
708,Zoonoodle-708,rburnsidejn@va.gov,Banghai,68135 Columbus Court,63,708
709,Meevee-709,swestwelljo@cocolog-nifty.com,Dongli,27 Onsgard Road,51,709
710,Mycat-710,abroujp@ted.com,Shtip,54207 Merrick Parkway,5633,710
711,Quinu-711,cdenricojq@kickstarter.com,Easington,36468 Buell Alley,2944,711
712,Eimbee-712,jsonjr@ibm.com,Ovacik,9 Starling Street,3,712
713,Photobug-713,mpalferyjs@comcast.net,Radomir,46340 Elgar Drive,156,713
714,Zooxo-714,skarpfjt@yellowpages.com,Taihe,03 American Hill,2,714
715,Devbug-715,nfoxallju@economist.com,Bugana,45 Emmet Place,886,715
716,Vinder-716,dvasyuninjv@discuz.net,Zolotyy Potik,1468 Lindbergh Street,1019,716
717,Zoombeat-717,mkittlesjw@cmu.edu,Maroanging,75931 Hagan Junction,502,717
718,Twitterbridge-718,clievesleyjx@upenn.edu,Mugan,8 Becker Court,5926,718
719,Skynoodle-719,rkennifickjy@example.com,Ōkawa,22955 Vera Court,6822,719
720,Skajo-720,hlarkbyjz@imageshack.us,Pilníkov,1976 Pierstorff Pass,54636,720
721,Jetpulse-721,nhambribek0@nytimes.com,Ja Ela,923 Truax Plaza,126,721
722,Gabspot-722,fguthrumk1@webeden.co.uk,Oulad Frej,55864 Westerfield Alley,047,722
723,Janyx-723,tbreckenk2@naver.com,Jinshi,75 Westerfield Lane,768,723
724,Babbleblab-724,cargok3@hud.gov,Novyy Urengoy,4 Farwell Drive,1,724
725,Rhynoodle-725,rwhitefordk4@xinhuanet.com,Shūkat aş Şūfī,12 Pennsylvania Parkway,2,725
726,Skidoo-726,aleismank5@a8.net,Kendalrejo,465 Farragut Alley,5975,726
727,Abata-727,mrubinovitschk6@addtoany.com,Jibu,2289 Kropf Circle,32787,727
728,Oozz-728,ftedmank7@stanford.edu,Skien,605 Bultman Park,15881,728
729,Roomm-729,mharbark8@bbb.org,Atuntaqui,269 Gateway Place,20429,729
730,Dabvine-730,mruiltonk9@hao123.com,Roseau,6 Crest Line Lane,32,730
731,Skippad-731,mmeeka@ft.com,Mingshan,7 Monica Hill,186,731
732,Skipstorm-732,rredbournkb@latimes.com,Dapchi,34 Fair Oaks Point,64084,732
733,Eabox-733,hwinderskc@twitpic.com,Maubara,5471 Ramsey Crossing,0285,733
734,Gigaclub-734,kroumierkd@tripadvisor.com,Lorient,4845 Lindbergh Way,1309,734
735,Browsedrive-735,slothlorienke@quantcast.com,Bununu Dass,557 Monument Crossing,9011,735
736,Ooba-736,kbanghekf@geocities.com,Bitkine,94389 Esker Place,9,736
737,Trilith-737,kstubbskg@nymag.com,Sidonganti,457 Lakeland Point,47732,737
738,Lajo-738,bcollinkh@freewebs.com,Trondheim,8 Old Shore Trail,8325,738
739,Meevee-739,tarberki@ucsd.edu,Xinxing,035 Pierstorff Alley,94,739
740,Devcast-740,jclissellkj@usnews.com,Borås,116 Pierstorff Plaza,3,740
741,Yamia-741,bstainbridgekk@ycombinator.com,Sabon Gari-Nangere,87821 Lillian Hill,6,741
742,Fiveclub-742,akillingsworthkl@abc.net.au,Stockholm,99652 Kennedy Way,18497,742
743,Quaxo-743,jskirvingkm@youtu.be,San Lorenzo,19 Delladonna Plaza,6,743
744,Katz-744,ptrumperkn@latimes.com,Synya,8199 Service Junction,74006,744
745,Thoughtsphere-745,akullerko@house.gov,Fanzeres,44 Boyd Trail,6498,745
746,Centimia-746,jpossekp@taobao.com,São Roque,6 Kinsman Alley,4019,746
747,Twitterbridge-747,wschettinikq@a8.net,Pacarkeling,9 Glendale Alley,7,747
748,Realbridge-748,cfilonierekr@globo.com,Ogaminan,06359 Reinke Court,70,748
749,Roombo-749,aingks@bing.com,Oygon,231 Cherokee Drive,57240,749
750,Nlounge-750,xfatscherkt@ucoz.ru,Xianyang,5836 Meadow Vale Crossing,0,750
751,Pixope-751,eclaphamku@squarespace.com,Almelo,81 Elmside Street,4,751
752,Katz-752,tbeeskv@prnewswire.com,Mílos,6171 Alpine Parkway,3,752
753,Blogtag-753,bmccaigkw@joomla.org,Chinchero,5 Westerfield Way,573,753
754,Voolia-754,lofogartykx@salon.com,Badovinci,8629 Magdeline Street,3,754
755,Skajo-755,chassanky@unesco.org,Fernando de Noronha (Distrito Estadual),9731 Kennedy Center,1,755
756,Innojam-756,ikahanekz@sohu.com,Uujim,121 Dawn Terrace,3419,756
757,Skiptube-757,crobel0@hp.com,Tála,6 Spaight Street,717,757
758,Devshare-758,bshovell1@stumbleupon.com,Porto Real,618 Prentice Hill,82,758
759,Eire-759,kmorecombel2@simplemachines.org,Los Dos Caminos,3 Farragut Circle,31067,759
760,Quimm-760,bfayerl3@goo.gl,San Antonio,0 Northland Court,8292,760
761,Trunyx-761,ibaxandalll4@mashable.com,Garoua Boulaï,2458 John Wall Drive,21224,761
762,Oba-762,lescoffierl5@salon.com,Kemang,61435 Longview Point,68,762
763,Kazio-763,geverardl6@google.de,Nanganumba,854 Chinook Park,5,763
764,Skajo-764,bbedowl7@fc2.com,Novopavlovsk,0332 Lyons Hill,7616,764
765,Npath-765,schellaml8@irs.gov,Denver,550 Texas Place,098,765
766,Riffwire-766,svincel9@dailymail.co.uk,Non Sang,7881 Roxbury Circle,9293,766
767,Jabbersphere-767,dbastickla@china.com.cn,Taochuan,63 Northwestern Center,64282,767
768,Topicblab-768,pjestelb@free.fr,Aldeia de Além,47093 Kennedy Park,0,768
769,Innotype-769,pphillipplc@histats.com,Legaspi,06831 Huxley Way,59,769
770,Thoughtworks-770,zwilldenld@google.com.br,Brades,937 Ilene Junction,08,770
771,Ntag-771,nneillansle@cafepress.com,Whitwell,80 Randy Center,36280,771
772,Babbleset-772,lbingelf@upenn.edu,Wolfville,155 Mosinee Court,00,772
773,Avamm-773,dronaghanlg@yahoo.co.jp,Krayen,37761 High Crossing Hill,024,773
774,Riffpedia-774,hredholeslh@smh.com.au,Cartago,10 3rd Place,2913,774
775,Latz-775,nnibleyli@diigo.com,Albuquerque,424 Raven Avenue,010,775
776,Miboo-776,ncallaghanlj@com.com,Omaha,728 Clove Pass,54,776
777,Photospace-777,nlepoidevinlk@people.com.cn,Kwekwe,16 Saint Paul Road,59,777
778,Mynte-778,jchessilll@xinhuanet.com,San Antonio,082 Jackson Crossing,8,778
779,Ailane-779,lcalwelllm@irs.gov,Magdalena,0 Jay Park,34,779
780,Yodel-780,mhalmln@virginia.edu,Trosa,2 Transport Place,81,780
781,Mybuzz-781,adastlo@google.es,Rîbniţa,47835 Veith Terrace,7,781
782,Ainyx-782,zbosencelp@issuu.com,Sparwood,70433 Fieldstone Lane,990,782
783,Tagchat-783,wmcinnerylq@fastcompany.com,Ansongo,53 Northridge Avenue,6506,783
784,Janyx-784,redelerlr@whitehouse.gov,Gračac,566 7th Parkway,2,784
785,Roombo-785,gkippinsls@cafepress.com,Tosontsengel,0487 Superior Point,8240,785
786,Myworks-786,vkiddslt@delicious.com,Épinal,13 Waxwing Crossing,4,786
787,Meevee-787,kbuckleelu@theguardian.com,Yangzhuang,958 Chinook Pass,35,787
788,Geba-788,ahadnylv@prweb.com,Viangxai,26098 South Terrace,3253,788
789,Fliptune-789,treskellylw@twitpic.com,Liutan,436 Rowland Circle,188,789
790,Browsezoom-790,aisakowiczlx@discuz.net,Sevan,8 Dixon Park,2080,790
791,Yotz-791,hgorvinly@nytimes.com,Wairiang,913 Donald Trail,83,791
792,Devpulse-792,jtuttlz@digg.com,Pasirbatang,929 Waubesa Junction,282,792
793,Bubblemix-793,dkemsterm0@issuu.com,Kebonsari,6398 Oak Street,16,793
794,Rhyzio-794,lweatherhillm1@google.co.uk,Kakuda,532 Dryden Plaza,62398,794
795,Lajo-795,odearnleym2@devhub.com,Motala,44 Blackbird Plaza,9170,795
796,Oyoyo-796,hsanciasm3@yolasite.com,Ambositra,4092 Doe Crossing Drive,2371,796
797,Avaveo-797,ddurransm4@themeforest.net,Cascavel,2 Hollow Ridge Junction,35701,797
798,Livepath-798,sdaubym5@dropbox.com,Santa Inês,8254 Prairie Rose Park,733,798
799,Thoughtbridge-799,nbacksm6@upenn.edu,Grebnevo,5 Meadow Vale Street,32,799
800,Oyondu-800,cfusseym7@msn.com,Ban Talat Nua,5157 Sachtjen Way,1599,800
801,Quamba-801,crobottomm8@go.com,Sambonggede,807 Roth Crossing,7,801
802,Janyx-802,mcanizaresm9@google.com,Oktyabr’sk,5 Shoshone Junction,6,802
803,Oyoloo-803,dsamperma@samsung.com,Magisterial,453 Blackbird Way,72,803
804,Katz-804,rflottmb@time.com,Gjirokastër,360 Maryland Hill,45046,804
805,Quamba-805,vlongfutmc@mac.com,Netanya,82066 Kenwood Center,5537,805
806,Livepath-806,tfennmd@answers.com,Curuan,8 Monica Court,6287,806
807,Riffpedia-807,cackroydme@upenn.edu,Shilong,7 5th Lane,466,807
808,Mynte-808,rmackenneymf@howstuffworks.com,Changfu,59884 Ohio Hill,7,808
809,Meetz-809,ssturdgessmg@odnoklassniki.ru,Ueki,822 Barby Junction,504,809
810,Riffpedia-810,rspriggingmh@nps.gov,Tyrnyauz,2 Morning Trail,58729,810
811,Wordware-811,mnewvellmi@w3.org,Nantes,641 Grover Hill,3977,811
812,Topicshots-812,dmingardimj@shutterfly.com,Estrada,1 Springs Hill,49646,812
813,Meembee-813,aokeefemk@topsy.com,Jinzhuang,55 Eagan Park,02177,813
814,Photojam-814,aazemaml@geocities.com,Anju,23118 Briar Crest Junction,4,814
815,Digitube-815,gmcevoymm@engadget.com,San Francisco de la Paz,26 Rowland Plaza,84590,815
816,Thoughtsphere-816,cpondjonesmn@businesswire.com,Oshawa,163 Cody Place,704,816
817,Twitternation-817,ajagglimo@creativecommons.org,Bayan Bulag,35809 Maywood Lane,1488,817
818,Skaboo-818,aochterlonymp@springer.com,Lincheng,84752 Crownhardt Alley,38795,818
819,Twitterbeat-819,pdahillmq@nps.gov,Bayt Maqdūm,614 Dovetail Point,28646,819
820,Yacero-820,kwhitrodmr@weather.com,El Cairo,116 Waxwing Hill,829,820
821,Kazio-821,bgavriellims@livejournal.com,Gongyi,9470 Claremont Junction,08297,821
822,Photolist-822,wspreymt@ustream.tv,Jinja,8 Nobel Pass,33,822
823,Yakijo-823,aforgemu@goo.ne.jp,Truskolasy,59 1st Crossing,1563,823
824,Twinder-824,ddoonemv@friendfeed.com,Dongdu,725 Sloan Point,614,824
825,Demimbu-825,wlebarreemw@amazon.de,Depok,09 Ohio Pass,23033,825
826,Photobean-826,blevemx@constantcontact.com,Cihaurbeuti,81 Vernon Drive,1395,826
827,Brainlounge-827,eboydamy@army.mil,Huanglian,1390 Morningstar Avenue,126,827
828,Flipbug-828,lmassingermz@youku.com,Haiyanmiao,02 Oneill Point,896,828
829,Gigaclub-829,tebdonn0@geocities.jp,Świebodzice,8684 Cody Alley,0,829
830,Meedoo-830,ggilvaryn1@oracle.com,Jolo,66109 Hoepker Terrace,632,830
831,Feedfire-831,rcandishn2@hao123.com,Svalöv,434 Sycamore Center,69,831
832,Mudo-832,mlancetern3@cam.ac.uk,Chazón,71436 Southridge Court,740,832
833,Gabtune-833,uphonixn4@netscape.com,Skelleftehamn,56 Oriole Terrace,04,833
834,Demizz-834,lguilletonn5@reddit.com,Monte Redondo,68 Lotheville Drive,147,834
835,Vimbo-835,cmegroffn6@indiatimes.com,Rushankou,11561 Fuller Plaza,561,835
836,Skiptube-836,vbluchern7@people.com.cn,Reckange-sur-Mess,6 Jackson Parkway,7,836
837,Zoonoodle-837,vdibiaggin8@disqus.com,Uwa,65762 Little Fleur Terrace,625,837
838,Brainsphere-838,rwoolcocksn9@va.gov,Grytviken,871 Melrose Hill,428,838
839,Roodel-839,rfruchterna@bravesites.com,An Nāşirah,9 Forster Court,5814,839
840,Meevee-840,cpiattinb@wp.com,Lajedo,9 Wayridge Pass,08,840
841,Wordify-841,tmowsdillnc@ox.ac.uk,‘Alī al Gharbī,0671 Rutledge Avenue,4,841
842,Realfire-842,gpoveynd@paginegialle.it,Falun,2081 Norway Maple Lane,69,842
843,Twimm-843,nlumbleyne@is.gd,Jinping,1978 Meadow Valley Park,76,843
844,Roomm-844,twhatsizenf@nature.com,Bến Tre,1 7th Pass,2,844
845,Kwideo-845,rgionettitting@live.com,Vlkoš,245 Fremont Crossing,7,845
846,InnoZ-846,mfittallnh@who.int,Mander,58821 Little Fleur Hill,8571,846
847,Eamia-847,fyoungsni@yellowpages.com,Obrera,102 Leroy Circle,71,847
848,Yakidoo-848,mringwoodnj@yolasite.com,Caujul,0 Algoma Parkway,2,848
849,Plajo-849,rreochnk@engadget.com,Gaoqiu,0331 Steensland Crossing,9928,849
850,Zoombox-850,rterramnl@ifeng.com,Hînceşti,49 Blaine Avenue,96,850
851,Browsezoom-851,gruecastlenm@ucla.edu,Tuanzhou,85 Montana Place,4,851
852,Yadel-852,creppaportnn@cdbaby.com,Monte-Carlo,64818 Northport Park,589,852
853,Chatterpoint-853,bgehrickeno@free.fr,Gongfang,933 Oxford Road,28019,853
854,Abata-854,ajanoutnp@dropbox.com,Kopidlno,2914 Loomis Drive,94808,854
855,Pixonyx-855,gsandaynq@nih.gov,Calzada Larga,142 Melvin Terrace,8,855
856,Topiclounge-856,aboissiernr@vimeo.com,Sawahrandu,6889 Roxbury Circle,77262,856
857,Kanoodle-857,bcalderns@usa.gov,Tamano,325 Lunder Lane,62,857
858,Demimbu-858,jtuppnt@e-recht24.de,Valença,04 Green Plaza,3,858
859,Yakidoo-859,kwoodlandnu@redcross.org,Sukarama,8 Manley Plaza,03135,859
860,Livefish-860,ceatenv@google.de,Huazhou,7 Lawn Point,91764,860
861,Photobug-861,idenriconw@xinhuanet.com,Ban Na Muang,08 Victoria Drive,11,861
862,Livepath-862,sdobeynx@creativecommons.org,Kouloúra,7682 Troy Crossing,4470,862
863,Trudeo-863,gpappsny@ning.com,Severomorsk,27461 Del Mar Pass,66920,863
864,Eabox-864,jstackbridgenz@instagram.com,Los Angeles,3747 Kedzie Hill,9981,864
865,Blogpad-865,tmacgallo0@smh.com.au,Cocieri,51964 Claremont Way,6,865
866,Muxo-866,htrevinoo1@youku.com,Zaojiacheng,38510 Center Lane,16,866
867,Abatz-867,gbutterfieldo2@ftc.gov,Qinxi,91 Reindahl Point,3835,867
868,Meemm-868,hbloyo3@salon.com,Ambatondrazaka,951 Gateway Crossing,41242,868
869,Kazu-869,ckeerlo4@toplist.cz,Hāla,7 Lighthouse Bay Place,85136,869
870,Voonyx-870,lmaskallo5@homestead.com,Monte Mor,74 Brentwood Way,00,870
871,Zoomdog-871,cregelouso6@a8.net,Huangmao,74899 Spenser Lane,7912,871
872,Vitz-872,aandreixo7@va.gov,Laranjal Paulista,36 Erie Road,2326,872
873,Yata-873,gardlingo8@netscape.com,Orillia,46 Elmside Street,99991,873
874,Photolist-874,lpaviero9@unicef.org,Zambujal,9 Hayes Alley,1,874
875,Zoomcast-875,sbarthotoa@topsy.com,Qvareli,63462 Autumn Leaf Place,96,875
876,Lajo-876,gscholigob@netlog.com,La Rochelle,5045 Mifflin Point,48026,876
877,Kanoodle-877,idegueoc@earthlink.net,Julun,8 Novick Hill,883,877
878,Fivechat-878,hjancod@shop-pro.jp,Danao,0 Atwood Street,16347,878
879,Wikibox-879,rgutselloe@addtoany.com,Dungkek Laok,6982 Hollow Ridge Parkway,61040,879
880,Skinix-880,rcorrisof@altervista.org,Lees Summit,4 Meadow Vale Circle,23179,880
881,Chatterbridge-881,mswinnog@123-reg.co.uk,Igurusi,53 Truax Crossing,40673,881
882,Browsezoom-882,icockertonoh@acquirethisname.com,Kansas City,834 Carberry Alley,5301,882
883,Browseblab-883,anorganoi@mlb.com,Fuhai,67828 Vahlen Hill,189,883
884,Realcube-884,cdecourtoj@ox.ac.uk,Ramon’,6296 Rieder Terrace,9,884
885,Topicshots-885,lozeltonok@list-manage.com,Maroa,19 Northridge Point,18003,885
886,Browseblab-886,jseeleyol@microsoft.com,Greenland,692 Morning Way,40559,886
887,Skaboo-887,lmcspirronom@eepurl.com,Volgorechensk,6 Fair Oaks Crossing,8,887
888,Lazz-888,sturpeyon@e-recht24.de,Xiache,92219 Packers Junction,3,888
889,Abatz-889,acorbynoo@ovh.net,Maggotty,306 Novick Pass,2,889
890,Youfeed-890,gstanesop@imgur.com,Fāraskūr,0742 Loftsgordon Drive,4167,890
891,Riffpath-891,estobbieoq@yellowbook.com,Puerto Galera,5 Dapin Court,5065,891
892,Gigashots-892,aflaonieror@bloglines.com,Bandar-e Ganāveh,777 Bay Terrace,91487,892
893,Edgeify-893,ebaythropos@so-net.ne.jp,Kayukembang,2945 Sugar Way,2,893
894,Riffpath-894,gcalleryot@weibo.com,Jiangkou,3009 Hoard Center,3,894
895,Thoughtstorm-895,ischolzou@indiatimes.com,Jihuluntu Sumu,66 Clemons Road,2,895
896,Photospace-896,ebatalleov@house.gov,Murmino,7 Warner Plaza,43,896
897,Tagpad-897,adiwellow@slideshare.net,Chiang Khan,01 Sunbrook Point,611,897
898,Realcube-898,cengelox@spotify.com,Kista,0364 Oakridge Place,222,898
899,Vipe-899,rzecchiioy@soundcloud.com,Hongqiao,1907 Lotheville Circle,2676,899
900,Agivu-900,wledsonoz@wikipedia.org,Dawwār Tīnjah,68 Myrtle Trail,636,900
901,Eadel-901,jlangdonp0@stumbleupon.com,Xianlin,798 Golf Way,8897,901
902,Fanoodle-902,tmeachemp1@google.it,Gaofeng,7 Sauthoff Hill,710,902
903,Gigabox-903,pcrookshanksp2@forbes.com,Barurao,2506 Sachtjen Hill,27154,903
904,Aibox-904,tmannp3@pagesperso-orange.fr,El Calvario,87988 Lien Alley,3421,904
905,Brainbox-905,ldearlovep4@ask.com,Nagpandayan,00057 Troy Lane,83,905
906,Topiclounge-906,bpiggottp5@microsoft.com,Karelichy,89612 Del Mar Parkway,8,906
907,Skinte-907,cvallentinp6@multiply.com,Ban Talat Bueng,55 Dexter Center,88,907
908,Topicshots-908,tveeversp7@nationalgeographic.com,Garisul,3 Kings Park,1935,908
909,Photolist-909,fepiletp8@cafepress.com,Clones,866 Hauk Park,54132,909
910,Demivee-910,mpatriep9@booking.com,Riosucio,3 Walton Avenue,9,910
911,Trupe-911,rboylandpa@stumbleupon.com,Mascouche,26485 Troy Street,28324,911
912,Oyoyo-912,njeremaespb@psu.edu,Vitória,3941 Elmside Junction,1,912
913,Twinte-913,arenggerpc@goodreads.com,Myronivka,606 Pleasure Terrace,8,913
914,Voonix-914,tbeddiepd@networkadvertising.org,Cergy-Pontoise,066 Tennyson Lane,059,914
915,Kaymbo-915,slownespe@stanford.edu,Hukeng,649 Sloan Parkway,124,915
916,Mynte-916,jbreachpf@umn.edu,Xujiadian,63589 Dayton Point,7,916
917,Jabbercube-917,ebenyonpg@google.com,Dubno,29502 Sunbrook Junction,5653,917
918,Mycat-918,fbeachampph@163.com,La Broquerie,8 Claremont Way,0,918
919,Fatz-919,dfilippellopi@g.co,Bangbayang,081 American Ash Place,023,919
920,Oyoloo-920,mmargaretpj@bing.com,Khashuri,93 Lunder Terrace,9,920
921,Bubbletube-921,mmynottpk@sun.com,Ocoyo,543 Carioca Pass,5815,921
922,Bluezoom-922,apittfordpl@g.co,Natonin,6048 Longview Parkway,2142,922
923,Gabtune-923,kbelitzpm@java.com,Varniai,8578 Maryland Park,927,923
924,Jaloo-924,dfairfullpn@washingtonpost.com,Provins,6217 Bultman Circle,3,924
925,Zoozzy-925,fsketchpo@tiny.cc,Valenciennes,95 Eggendart Court,03,925
926,Wikizz-926,dthingpp@1688.com,Bohicon,649 Northridge Circle,13,926
927,Skajo-927,mpignepq@php.net,‘Ūrīf,67 Kropf Center,65,927
928,Centizu-928,gheisspr@wp.com,Marne-la-Vallée,9327 Butternut Drive,300,928
929,Twitterwire-929,qdodimeadps@e-recht24.de,Ikedachō,958 Arizona Park,8,929
930,Yodel-930,scasburnpt@blogger.com,Plato,6 Sullivan Way,18,930
931,Yadel-931,dbrumptonpu@va.gov,Serrinha,577 Pankratz Alley,3,931
932,Buzzdog-932,tralfepv@acquirethisname.com,Tsurusaki,8 Clove Lane,1445,932
933,Kimia-933,anapoleonepw@shutterfly.com,San Lorenzo,7 Leroy Drive,84,933
934,Edgeclub-934,lbulterpx@loc.gov,Guanyang,005 Elmside Center,27,934
935,Eadel-935,mfawdreypy@mysql.com,El Mida,6 Jenna Place,8397,935
936,Muxo-936,wcartwrightpz@tripod.com,Peer,50511 Vermont Plaza,03019,936
937,Abata-937,vaitkenq0@census.gov,Dazaifu,87059 Sugar Center,22881,937
938,Browsezoom-938,wstilliardq1@yahoo.co.jp,Zheleznodorozhnyy,8796 Moose Center,6,938
939,Kamba-939,apothburyq2@independent.co.uk,Andir,0798 Cascade Way,85,939
940,Gabtune-940,cskoggingsq3@weibo.com,Siquirres,7 Tennyson Terrace,37,940
941,Twitterwire-941,cjeanesq4@barnesandnoble.com,Dologon,2 Farragut Street,47946,941
942,Abatz-942,btanbyq5@ifeng.com,London,79722 Calypso Street,588,942
943,Thoughtsphere-943,vbarnesq6@gravatar.com,Santa Fe,62 Westend Avenue,404,943
944,Twitterbeat-944,pdorwoodq7@nba.com,Kandang Timur,539 Hollow Ridge Street,23095,944
945,Tavu-945,dwaycottq8@latimes.com,Lac-Brome,663 Sachtjen Trail,38,945
946,Plambee-946,lcranchq9@cargocollective.com,Rungis,52 South Center,6,946
947,Twinte-947,llawlyqa@cocolog-nifty.com,Vukovar,264 Sutteridge Circle,6039,947
948,Zazio-948,ikinnachqb@independent.co.uk,Hongor,78 Cardinal Center,35,948
949,Browsecat-949,lgoveqc@fda.gov,Khemarat,8 Blue Bill Park Terrace,16706,949
950,Quaxo-950,mgoneauqd@sciencedaily.com,Huacho,95 South Place,6860,950
951,Twimm-951,hbowringqe@over-blog.com,Hetang,3638 Rutledge Center,844,951
952,Tagpad-952,ischolarqf@smugmug.com,Kawayan,3 Center Alley,8607,952
953,Kimia-953,esallengerqg@qq.com,Cagnes-sur-Mer,2309 Pearson Circle,2,953
954,Gigazoom-954,cnosworthyqh@xinhuanet.com,Dorp Tera Kora,680 Marquette Place,2724,954
955,Flipbug-955,bstofflerqi@cloudflare.com,Nugas,69072 Annamark Drive,7136,955
956,Dabfeed-956,tgilchristqj@tumblr.com,Vecumnieki,633 Sutherland Lane,1,956
957,Rooxo-957,llongshawqk@tmall.com,Parzęczew,31550 5th Way,9524,957
958,Jaxbean-958,kpieleql@google.co.uk,Washington,607 Columbus Lane,826,958
959,Shufflester-959,kdodsworthqm@booking.com,Tisno,355 Clove Avenue,6207,959
960,Flashset-960,rbreakspearqn@netscape.com,Cilaja,9380 Anderson Hill,6,960
961,Zazio-961,hsymondsqo@digg.com,Piedrancha,34350 Bunker Hill Trail,133,961
962,Tavu-962,kplanksqp@latimes.com,Mulleriyawa,6 Bultman Point,41,962
963,Twimm-963,emewrcikqq@bloomberg.com,Stockholm,82254 Holy Cross Center,3590,963
964,Youopia-964,kbraywoodqr@utexas.edu,San Pedro,5947 Butterfield Hill,73161,964
965,Eimbee-965,rpurpleqs@berkeley.edu,Lisewo Malborskie,04 Hovde Avenue,8,965
966,Realblab-966,hjoplingqt@bravesites.com,Yuscarán,92 Sommers Parkway,843,966
967,DabZ-967,bsleitqu@reddit.com,Ochla,92 Trailsway Alley,74505,967
968,Viva-968,bfogelqv@mail.ru,Rietavas,96254 Division Center,2,968
969,Camido-969,hhurfordqw@quantcast.com,Koffiefontein,88 Forest Run Trail,5,969
970,Vitz-970,olearmonthqx@businessinsider.com,Shar’ya,33030 Logan Park,2,970
971,Blognation-971,tbischoffqy@miibeian.gov.cn,Beigang,67578 Trailsway Avenue,5513,971
972,Twinte-972,apeeverqz@hostgator.com,Sawahan,06798 Mallory Place,73353,972
973,Linkbuzz-973,rpeeterr0@twitter.com,Sydney,5 Menomonie Road,6680,973
974,Kaymbo-974,cmcmeekanr1@godaddy.com,Carmo do Cajuru,720 Haas Circle,0,974
975,Vimbo-975,krawcliffer2@bigcartel.com,Arīḩā,9782 Sundown Court,6398,975
976,Dynazzy-976,dwarderr3@prweb.com,Lipsko,2 Brickson Park Crossing,9,976
977,Trupe-977,njellicorser4@mediafire.com,Paitan Norte,70270 Green Ridge Way,93864,977
978,Skidoo-978,aordeltr5@census.gov,Itaguaçu,0594 Birchwood Point,8887,978
979,Bluejam-979,gchatenetr6@dyndns.org,Campo Alegre,94288 Lien Court,943,979
980,Jamia-980,bfayrer7@alibaba.com,Boisbriand,20676 Corben Junction,22,980
981,Livetube-981,rfussellr8@goodreads.com,Langob,61605 East Terrace,51256,981
982,Cogilith-982,pallmarkr9@economist.com,Luofang,76258 Sauthoff Drive,2626,982
983,Jetwire-983,jdimitrescora@japanpost.jp,Kogon,3 Sachs Center,0,983
984,Quaxo-984,dferrarellorb@ucoz.com,Nueva Gorgona,40110 Barby Hill,79287,984
985,Brightbean-985,wofferrc@pcworld.com,Karangora,15987 Jenifer Parkway,1384,985
986,Devpoint-986,casbreyrd@businessinsider.com,Wangjiachang,33 Harbort Place,9,986
987,Topicblab-987,awaitingre@squidoo.com,Dongjiang Matoukou,86369 Carey Street,7210,987
988,Gigabox-988,iglascottrf@yellowpages.com,Karítsa,65267 Waxwing Hill,380,988
989,Divape-989,njosselsohnrg@shutterfly.com,Manjakandriana,99113 Hagan Parkway,840,989
990,Shuffledrive-990,pshropsheirrh@noaa.gov,‘Alāqahdārī Gēlān,150 Del Sol Park,4573,990
991,Wordify-991,cgrolmannri@msu.edu,Selebi-Phikwe,6884 Graceland Point,319,991
992,Eimbee-992,atarboxrj@fc2.com,Posse,82905 Blue Bill Park Parkway,08,992
993,Buzzster-993,lseilerrk@dyndns.org,Zhoujia,0 Doe Crossing Crossing,76,993
994,Omba-994,tsheratonrl@scribd.com,Sioux Falls,866 Burning Wood Terrace,95720,994
995,Zazio-995,wengarm@woothemes.com,Albuquerque,632 Vahlen Crossing,86241,995
996,Trupe-996,adybellrn@china.com.cn,Penha,2 Dunning Way,46232,996
997,Browsetype-997,mborelro@latimes.com,Yizhang Chengguanzhen,3859 Daystar Street,02853,997
998,Oyondu-998,gpetruskevichrp@adobe.com,Qarah Bāgh Bāzār,7545 Walton Pass,97516,998
999,Layo-999,pissettrq@oracle.com,Xiling,30 Logan Alley,3,999
1000,Skyba-1000,mshilvockrr@mtv.com,Zhangjiayuan,252 Dexter Drive,05849,1000
